property_id,value_segment
ZRX00002,Normal
ZRX00003,Normal
ZRX00017,Super Value Plus
ZRX00018,Value Plus
ZRX00021,Normal
ZRX00025,Value Plus
ZRX00027,Value Plus
ZRX00030,Normal
ZRX00043,Value Plus
ZRX00046,Super Value Plus
ZRX00058,Super Value Plus
ZRX00062,Normal
ZRX00079,Normal
ZRX00080,Value Plus
ZRX00081,Value Plus
ZRX00084,Super Value Plus
ZRX00085,Value Plus
ZRX00089,Normal
ZRX00102,Normal
ZRX00111,Normal
ZRX00116,Normal
ZRX00123,Normal
ZRX00124,Normal
ZRX00125,Normal
ZRX00133,Value Plus
ZRX00134,Normal
ZRX00140,Normal
ZRX00143,Super Value Plus
ZRX00148,Normal
ZRX00151,Normal
ZRX00155,Value Plus
ZRX00163,Normal
ZRX00165,Value Plus
ZRX00171,Value Plus
ZRX00172,Standard
ZRX00182,Value Plus
ZRX00185,Standard
ZRX00189,Value Plus
ZRX00196,Value Plus
ZRX00197,Normal
ZRX00204,Value Plus
ZRX00208,Normal
ZRX00210,Standard
ZRX00216,Standard
ZRX00223,Value
ZRX00227,Value Plus
ZRX00236,Normal
ZRX00240,Standard
ZRX00244,Normal
ZRX00257,Normal
ZRX00261,Value Plus
ZRX00262,Normal
ZRX00263,Value
ZRX00265,Super Value Plus
ZRX00266,Value Plus
ZRX00269,Normal
ZRX00273,Normal
ZRX00277,Value Plus
ZRX00280,Normal
ZRX00285,Value Plus
ZRX00287,Value Plus
ZRX00288,Normal
ZRX00295,Normal
ZRX00298,Normal
ZRX00299,Normal
ZRX00301,Normal
ZRX00310,Value Plus
ZRX00313,Value Plus
ZRX00314,Super Value Plus
ZRX00317,Normal
ZRX00321,Value
ZRX00322,Value Plus
ZRX00331,Normal
ZRX00337,Normal
ZRX00340,Standard
ZRX00341,Value Plus
ZRX00348,Normal
ZRX00349,Normal
ZRX00351,Normal
ZRX00352,Normal
ZRX00354,Normal
ZRX00366,Normal
ZRX00375,Normal
ZRX00379,Normal
ZRX00381,Super Value Plus
ZRX00385,Super Value Plus
ZRX00388,Super Value Plus
ZRX00391,Normal
ZRX00392,Normal
ZRX00402,Normal
ZRX00407,Value Plus
ZRX00408,Normal
ZRX00410,Value Plus
ZRX00413,Normal
ZRX00414,Normal
ZRX00417,Value Plus
ZRX00425,Value Plus
ZRX00427,Super Value Plus
ZRX00428,Value Plus
ZRX00435,Super Value Plus
ZRX00438,Super Value Plus
ZRX00440,Normal
ZRX00441,Normal
ZRX00444,Value Plus
ZRX00449,Normal
ZRX00450,Normal
ZRX00452,Normal
ZRX00453,Normal
ZRX00455,Normal
ZRX00457,Super Value Plus
ZRX00459,Super Value Plus
ZRX00460,Normal
ZRX00463,Normal
ZRX00465,Super Value Plus
ZRX00466,Super Value Plus
ZRX00470,Normal
ZRX00472,Super Value Plus
ZRX00473,Normal
ZRX00474,Super Value Plus
ZRX00478,Normal
ZRX00479,Normal
ZRX00481,Normal
ZRX00482,Super Value Plus
ZRX00484,Value Plus
ZRX00490,Value Plus
ZRX00491,Value Plus
ZRX00492,Normal
ZRX00493,Normal
ZRX00497,Normal
ZRX00501,Value Plus
ZRX00502,Value
ZRX00508,Value Plus
ZRX00509,Normal
ZRX00511,Normal
ZRX00522,Normal
ZRX00523,Normal
ZRX00524,Normal
ZRX00535,Normal
ZRX00543,Normal
ZRX00549,Super Value Plus
ZRX00553,Standard
ZRX00558,Normal
ZRX00567,Standard
ZRX00571,Normal
ZRX00573,Super Value Plus
ZRX00576,Value Plus
ZRX00580,Normal
ZRX00582,Value Plus
ZRX00590,Super Value Plus
ZRX00593,Normal
ZRX00604,Value Plus
ZRX00605,Normal
ZRX00607,Normal
ZRX00609,Super Value Plus
ZRX00611,Super Value Plus
ZRX00614,Super Value Plus
ZRX00617,Normal
ZRX00618,Normal
ZRX00620,Normal
ZRX00621,Normal
ZRX00623,Value
ZRX00625,Value Plus
ZRX00626,Normal
ZRX00627,Standard
ZRX00628,Super Value Plus
ZRX00629,Normal
ZRX00636,Value Plus
ZRX00637,Normal
ZRX00644,Normal
ZRX00645,Value Plus
ZRX00646,Value Plus
ZRX00647,Normal
ZRX00654,Value
ZRX00672,Value Plus
ZRX00676,Value Plus
ZRX00678,Super Value Plus
ZRX00681,Value Plus
ZRX00685,Value Plus
ZRX00689,Normal
ZRX00691,Normal
ZRX00694,Value Plus
ZRX00698,Normal
ZRX00702,Normal
ZRX00705,Normal
ZRX00706,Value Plus
ZRX00713,Super Value Plus
ZRX00718,Normal
ZRX00721,Normal
ZRX00723,Value Plus
ZRX00727,Normal
ZRX00729,Value
ZRX00732,Normal
ZRX00733,Value Plus
ZRX00734,Super Value Plus
ZRX00736,Value Plus
ZRX00737,Normal
ZRX00739,Normal
ZRX00743,Value Plus
ZRX00745,Super Value Plus
ZRX00748,Normal
ZRX00751,Value Plus
ZRX00755,Normal
ZRX00756,Normal
ZRX00760,Normal
ZRX00762,Value Plus
ZRX00763,Normal
ZRX00770,Value Plus
ZRX00773,Value Plus
ZRX00774,Normal
ZRX00777,Normal
ZRX00788,Normal
ZRX00801,Standard
ZRX00811,Normal
ZRX00812,Normal
ZRX00817,Normal
ZRX00819,Value Plus
ZRX00820,Normal
ZRX00823,Normal
ZRX00828,Standard
ZRX00829,Value Plus
ZRX00830,Super Value Plus
ZRX00831,Normal
ZRX00833,Normal
ZRX00837,Normal
ZRX00838,Normal
ZRX00840,Value Plus
ZRX00847,Normal
ZRX00850,Normal
ZRX00852,Normal
ZRX00859,Value Plus
ZRX00862,Normal
ZRX00863,Normal
ZRX00866,Value
ZRX00867,Normal
ZRX00871,Value Plus
ZRX00872,Normal
ZRX00874,Value Plus
ZRX00875,Normal
ZRX00876,Normal
ZRX00877,Normal
ZRX00882,Normal
ZRX00883,Normal
ZRX00887,Normal
ZRX00890,Standard
ZRX00893,Normal
ZRX00897,Value Plus
ZRX00901,Value Plus
ZRX00908,Super Value Plus
ZRX00912,Value Plus
ZRX00913,Value Plus
ZRX00914,Normal
ZRX00915,Normal
ZRX00918,Super Value Plus
ZRX00919,Value Plus
ZRX00921,Value Plus
ZRX00922,Normal
ZRX00924,Normal
ZRX00927,Super Value Plus
ZRX00929,Normal
ZRX00932,Value Plus
ZRX00933,Normal
ZRX00939,Value Plus
ZRX00945,Normal
ZRX00946,Normal
ZRX00950,Normal
ZRX00951,Super Value Plus
ZRX00952,Value Plus
ZRX00966,Super Value Plus
ZRX00971,Value Plus
ZRX00973,Value Plus
ZRX00974,Super Value Plus
ZRX00982,Value Plus
ZRX00983,Value Plus
ZRX00985,Normal
ZRX00986,Value Plus
ZRX00989,Standard
ZRX00995,Normal
ZRX00997,Normal
ZRX00999,Normal
ZRX01003,Value Plus
ZRX01004,Super Value Plus
ZRX01010,Value Plus
ZRX01012,Value Plus
ZRX01013,Normal
ZRX01014,Normal
ZRX01023,Value Plus
ZRX01024,Super Value Plus
ZRX01026,Value Plus
ZRX01034,Normal
ZRX01037,Normal
ZRX01042,Value
ZRX01045,Normal
ZRX01055,Super Value Plus
ZRX01057,Value Plus
ZRX01067,Normal
ZRX01068,Normal
ZRX01069,Value Plus
ZRX01075,Normal
ZRX01076,Value
ZRX01081,Super Value Plus
ZRX01085,Value
ZRX01100,Super Value Plus
ZRX01101,Super Value Plus
ZRX01102,Normal
ZRX01103,Value Plus
ZRX01106,Value
ZRX01119,Normal
ZRX01121,Super Value Plus
ZRX01122,Normal
ZRX01125,Super Value Plus
ZRX01126,Value Plus
ZRX01128,Value Plus
ZRX01134,Super Value Plus
ZRX01135,Value
ZRX01148,Super Value Plus
ZRX01149,Super Value Plus
ZRX01151,Super Value Plus
ZRX01154,Normal
ZRX01155,Normal
ZRX01156,Value Plus
ZRX01161,Value Plus
ZRX01166,Normal
ZRX01174,Super Value Plus
ZRX01176,Normal
ZRX01177,Normal
ZRX01178,Value Plus
ZRX01190,Super Value Plus
ZRX01195,Super Value Plus
ZRX01200,Normal
ZRX01209,Value Plus
ZRX01210,Value Plus
ZRX01214,Super Value Plus
ZRX01217,Super Value Plus
ZRX01221,Normal
ZRX01226,Normal
ZRX01227,Normal
ZRX01228,Value
ZRX01230,Value Plus
ZRX01235,Normal
ZRX01237,Normal
ZRX01238,Value Plus
ZRX01240,Super Value Plus
ZRX01242,Normal
ZRX01244,Normal
ZRX01245,Normal
ZRX01246,Super Value Plus
ZRX01254,Value Plus
ZRX01256,Value Plus
ZRX01261,Normal
ZRX01266,Normal
ZRX01286,Normal
ZRX01293,Normal
ZRX01299,Normal
ZRX01302,Value Plus
ZRX01304,Normal
ZRX01307,Normal
ZRX01313,Normal
ZRX01317,Normal
ZRX01318,Super Value Plus
ZRX01321,Normal
ZRX01323,Normal
ZRX01324,Normal
ZRX01328,Value Plus
ZRX01339,Normal
ZRX01346,Normal
ZRX01350,Normal
ZRX01353,Value Plus
ZRX01354,Normal
ZRX01358,Super Value Plus
ZRX01365,Super Value Plus
ZRX01370,Normal
ZRX01373,Normal
ZRX01376,Normal
ZRX01380,Value
ZRX01381,Standard
ZRX01389,Value Plus
ZRX01392,Normal
ZRX01399,Normal
ZRX01400,Normal
ZRX01401,Normal
ZRX01404,Super Value Plus
ZRX01405,Normal
ZRX01407,Value Plus
ZRX01411,Normal
ZRX01418,Normal
ZRX01424,Normal
ZRX01429,Normal
ZRX01446,Value Plus
ZRX01448,Normal
ZRX01451,Super Value Plus
ZRX01452,Standard
ZRX01454,Normal
ZRX01457,Normal
ZRX01458,Super Value Plus
ZRX01466,Value Plus
ZRX01471,Normal
ZRX01472,Super Value Plus
ZRX01483,Normal
ZRX01484,Super Value Plus
ZRX01492,Super Value Plus
ZRX01495,Normal
ZRX01500,Super Value Plus
ZRX01516,Normal
ZRX01522,Normal
ZRX01534,Normal
ZRX01538,Standard
ZRX01545,Normal
ZRX01547,Value Plus
ZRX01557,Normal
ZRX01558,Value
ZRX01559,Value Plus
ZRX01565,Normal
ZRX01571,Normal
ZRX01572,Normal
ZRX01581,Value Plus
ZRX01583,Value Plus
ZRX01585,Value Plus
ZRX01587,Super Value Plus
ZRX01590,Normal
ZRX01591,Value Plus
ZRX01600,Normal
ZRX01604,Normal
ZRX01610,Normal
ZRX01611,Normal
ZRX01612,Normal
ZRX01619,Normal
ZRX01620,Normal
ZRX01627,Normal
ZRX01628,Normal
ZRX01631,Super Value Plus
ZRX01635,Normal
ZRX01636,Normal
ZRX01641,Normal
ZRX01644,Normal
ZRX01649,Super Value Plus
ZRX01651,Value Plus
ZRX01655,Normal
ZRX01660,Normal
ZRX01663,Normal
ZRX01675,Normal
ZRX01676,Normal
ZRX01679,Value Plus
ZRX01681,Super Value Plus
ZRX01682,Super Value Plus
ZRX01690,Value Plus
ZRX01692,Value Plus
ZRX01699,Normal
ZRX01700,Value Plus
ZRX01707,Super Value Plus
ZRX01710,Normal
ZRX01711,Value Plus
ZRX01713,Normal
ZRX01715,Normal
ZRX01722,Super Value Plus
ZRX01727,Normal
ZRX01734,Super Value Plus
ZRX01740,Value Plus
ZRX01742,Normal
ZRX01744,Normal
ZRX01754,Normal
ZRX01762,Normal
ZRX01766,Super Value Plus
ZRX01767,Standard
ZRX01772,Normal
ZRX01778,Normal
ZRX01782,Super Value Plus
ZRX01783,Normal
ZRX01785,Super Value Plus
ZRX01790,Value Plus
ZRX01794,Normal
ZRX01795,Normal
ZRX01796,Value
ZRX01797,Super Value Plus
ZRX01801,Super Value Plus
ZRX01806,Value Plus
ZRX01807,Normal
ZRX01809,Normal
ZRX01815,Normal
ZRX01820,Super Value Plus
ZRX01822,Normal
ZRX01826,Standard
ZRX01834,Super Value Plus
ZRX01837,Normal
ZRX01838,Normal
ZRX01840,Value Plus
ZRX01846,Normal
ZRX01849,Value Plus
ZRX01850,Value
ZRX01851,Normal
ZRX01858,Normal
ZRX01861,Normal
ZRX01867,Value
ZRX01870,Value Plus
ZRX01872,Super Value Plus
ZRX01878,Normal
ZRX01880,Normal
ZRX01882,Value Plus
ZRX01884,Value
ZRX01893,Super Value Plus
ZRX01898,Normal
ZRX01900,Normal
ZRX01904,Value Plus
ZRX01918,Normal
ZRX01922,Standard
ZRX01923,Value Plus
ZRX01925,Value Plus
ZRX01926,Value Plus
ZRX01928,Normal
ZRX01930,Normal
ZRX01932,Normal
ZRX01933,Normal
ZRX01936,Normal
ZRX01939,Normal
ZRX01944,Value
ZRX01948,Normal
ZRX01956,Value Plus
ZRX01959,Normal
ZRX01962,Normal
ZRX01965,Normal
ZRX01968,Super Value Plus
ZRX01978,Standard
ZRX01984,Value
ZRX01986,Normal
ZRX01989,Super Value Plus
ZRX01999,Value
ZRX02002,Standard
ZRX02007,Normal
ZRX02012,Standard
ZRX02015,Super Value Plus
ZRX02017,Normal
ZRX02027,Value Plus
ZRX02032,Value Plus
ZRX02034,Normal
ZRX02035,Value Plus
ZRX02040,Value Plus
ZRX02041,Normal
ZRX02047,Normal
ZRX02048,Normal
ZRX02052,Super Value Plus
ZRX02053,Normal
ZRX02056,Normal
ZRX02061,Normal
ZRX02072,Super Value Plus
ZRX02075,Normal
ZRX02081,Super Value Plus
ZRX02082,Super Value Plus
ZRX02083,Value Plus
ZRX02085,Value
ZRX02088,Super Value Plus
ZRX02090,Normal
ZRX02093,Normal
ZRX02096,Normal
ZRX02098,Value
ZRX02099,Normal
ZRX02102,Value Plus
ZRX02103,Super Value Plus
ZRX02111,Normal
ZRX02112,Super Value Plus
ZRX02116,Normal
ZRX02117,Normal
ZRX02125,Super Value Plus
ZRX02127,Standard
ZRX02129,Standard
ZRX02138,Normal
ZRX02139,Normal
ZRX02141,Normal
ZRX02144,Normal
ZRX02145,Normal
ZRX02153,Standard
ZRX02161,Normal
ZRX02162,Super Value Plus
ZRX02170,Value Plus
ZRX02171,Super Value Plus
ZRX02175,Normal
ZRX02178,Normal
ZRX02182,Super Value Plus
ZRX02184,Normal
ZRX02191,Value Plus
ZRX02195,Normal
ZRX02200,Normal
ZRX02207,Normal
ZRX02211,Super Value Plus
ZRX02215,Super Value Plus
ZRX02221,Value Plus
ZRX02224,Super Value Plus
ZRX02227,Normal
ZRX02232,Value Plus
ZRX02234,Standard
ZRX02236,Normal
ZRX02237,Normal
ZRX02244,Normal
ZRX02245,Normal
ZRX02250,Normal
ZRX02255,Normal
ZRX02256,Normal
ZRX02263,Normal
ZRX02267,Super Value Plus
ZRX02268,Value Plus
ZRX02269,Super Value Plus
ZRX02277,Value Plus
ZRX02280,Normal
ZRX02286,Normal
ZRX02289,Super Value Plus
ZRX02290,Normal
ZRX02294,Normal
ZRX02297,Value Plus
ZRX02306,Normal
ZRX02307,Super Value Plus
ZRX02308,Normal
ZRX02311,Value Plus
ZRX02316,Super Value Plus
ZRX02317,Normal
ZRX02325,Normal
ZRX02326,Standard
ZRX02331,Value Plus
ZRX02340,Super Value Plus
ZRX02347,Normal
ZRX02354,Value Plus
ZRX02364,Normal
ZRX02381,Normal
ZRX02385,Normal
ZRX02394,Normal
ZRX02395,Normal
ZRX02396,Value Plus
ZRX02398,Standard
ZRX02409,Normal
ZRX02410,Normal
ZRX02411,Normal
ZRX02414,Value Plus
ZRX02416,Normal
ZRX02417,Normal
ZRX02422,Value Plus
ZRX02428,Value Plus
ZRX02429,Normal
ZRX02431,Super Value Plus
ZRX02433,Value Plus
ZRX02443,Standard
ZRX02460,Normal
ZRX02462,Value Plus
ZRX02463,Super Value Plus
ZRX02466,Value Plus
ZRX02470,Normal
ZRX02481,Value Plus
ZRX02487,Normal
ZRX02488,Super Value Plus
ZRX02491,Normal
ZRX02494,Normal
ZRX02497,Normal
ZRX02498,Super Value Plus
ZRX02500,Normal
ZRX02501,Normal
ZRX02514,Normal
ZRX02516,Normal
ZRX02528,Super Value Plus
ZRX02532,Normal
ZRX02533,Normal
ZRX02541,Normal
ZRX02542,Super Value Plus
ZRX02547,Normal
ZRX02548,Value Plus
ZRX02550,Normal
ZRX02552,Normal
ZRX02557,Normal
ZRX02563,Value
ZRX02568,Normal
ZRX02572,Normal
ZRX02575,Normal
ZRX02577,Super Value Plus
ZRX02581,Value
ZRX02585,Normal
ZRX02592,Value Plus
ZRX02601,Super Value Plus
ZRX02606,Standard
ZRX02607,Normal
ZRX02612,Normal
ZRX02618,Normal
ZRX02619,Normal
ZRX02621,Normal
ZRX02622,Value Plus
ZRX02623,Normal
ZRX02625,Normal
ZRX02626,Normal
ZRX02627,Value
ZRX02631,Value Plus
ZRX02632,Normal
ZRX02633,Super Value Plus
ZRX02636,Value Plus
ZRX02642,Normal
ZRX02646,Value
ZRX02656,Normal
ZRX02665,Normal
ZRX02675,Value Plus
ZRX02681,Value Plus
ZRX02683,Normal
ZRX02686,Normal
ZRX02687,Normal
ZRX02690,Normal
ZRX02694,Normal
ZRX02706,Super Value Plus
ZRX02709,Standard
ZRX02714,Super Value Plus
ZRX02715,Normal
ZRX02716,Normal
ZRX02725,Super Value Plus
ZRX02730,Normal
ZRX02731,Super Value Plus
ZRX02733,Super Value Plus
ZRX02742,Value Plus
ZRX02747,Normal
ZRX02749,Normal
ZRX02750,Value Plus
ZRX02755,Normal
ZRX02756,Super Value Plus
ZRX02775,Normal
ZRX02776,Super Value Plus
ZRX02782,Normal
ZRX02783,Super Value Plus
ZRX02788,Value Plus
ZRX02789,Super Value Plus
ZRX02791,Super Value Plus
ZRX02795,Value Plus
ZRX02799,Value Plus
ZRX02804,Normal
ZRX02810,Value Plus
ZRX02818,Normal
ZRX02822,Normal
ZRX02827,Super Value Plus
ZRX02830,Super Value Plus
ZRX02832,Normal
ZRX02834,Normal
ZRX02835,Normal
ZRX02840,Normal
ZRX02850,Value Plus
ZRX02853,Super Value Plus
ZRX02855,Normal
ZRX02860,Super Value Plus
ZRX02866,Normal
ZRX02868,Standard
ZRX02872,Super Value Plus
ZRX02874,Value Plus
ZRX02882,Value
ZRX02883,Super Value Plus
ZRX02884,Value Plus
ZRX02885,Normal
ZRX02887,Normal
ZRX02889,Normal
ZRX02893,Value Plus
ZRX02895,Normal
ZRX02896,Normal
ZRX02903,Normal
ZRX02910,Normal
ZRX02911,Normal
ZRX02917,Value
ZRX02919,Super Value Plus
ZRX02923,Value Plus
ZRX02924,Normal
ZRX02927,Normal
ZRX02929,Super Value Plus
ZRX02938,Normal
ZRX02942,Super Value Plus
ZRX02947,Super Value Plus
ZRX02956,Value Plus
ZRX02957,Normal
ZRX02959,Normal
ZRX02962,Value Plus
ZRX02970,Normal
ZRX02978,Normal
ZRX02982,Value Plus
ZRX02987,Normal
ZRX02990,Normal
ZRX02997,Super Value Plus
ZRX03002,Normal
ZRX03005,Value Plus
ZRX03006,Value Plus
ZRX03007,Super Value Plus
ZRX03013,Value Plus
ZRX03024,Normal
ZRX03029,Super Value Plus
ZRX03033,Normal
ZRX03034,Normal
ZRX03035,Normal
ZRX03036,Super Value Plus
ZRX03039,Normal
ZRX03043,Normal
ZRX03044,Normal
ZRX03047,Normal
ZRX03048,Value Plus
ZRX03049,Normal
ZRX03056,Value Plus
ZRX03062,Value Plus
ZRX03064,Value Plus
ZRX03067,Super Value Plus
ZRX03069,Super Value Plus
ZRX03070,Normal
ZRX03073,Normal
ZRX03076,Normal
ZRX03084,Value Plus
ZRX03086,Normal
ZRX03093,Normal
ZRX03095,Normal
ZRX03099,Normal
ZRX03105,Normal
ZRX03111,Super Value Plus
ZRX03112,Normal
ZRX03128,Value Plus
ZRX03131,Normal
ZRX03133,Value Plus
ZRX03152,Super Value Plus
ZRX03164,Normal
ZRX03172,Value Plus
ZRX03175,Super Value Plus
ZRX03179,Normal
ZRX03197,Normal
ZRX03200,Value Plus
ZRX03204,Normal
ZRX03205,Normal
ZRX03208,Normal
ZRX03214,Normal
ZRX03216,Super Value Plus
ZRX03218,Super Value Plus
ZRX03219,Normal
ZRX03223,Normal
ZRX03224,Value Plus
ZRX03225,Value Plus
ZRX03229,Super Value Plus
ZRX03233,Normal
ZRX03243,Normal
ZRX03250,Normal
ZRX03272,Normal
ZRX03277,Super Value Plus
ZRX03278,Value Plus
ZRX03279,Normal
ZRX03283,Normal
ZRX03286,Super Value Plus
ZRX03291,Normal
ZRX03294,Normal
ZRX03295,Value Plus
ZRX03301,Super Value Plus
ZRX03302,Super Value Plus
ZRX03303,Normal
ZRX03307,Value Plus
ZRX03311,Value Plus
ZRX03313,Normal
ZRX03319,Value
ZRX03320,Normal
ZRX03325,Value Plus
ZRX03334,Value Plus
ZRX03339,Value Plus
ZRX03342,Normal
ZRX03355,Value Plus
ZRX03358,Normal
ZRX03362,Normal
ZRX03366,Super Value Plus
ZRX03367,Value Plus
ZRX03368,Normal
ZRX03377,Value Plus
ZRX03380,Normal
ZRX03385,Value Plus
ZRX03391,Normal
ZRX03394,Super Value Plus
ZRX03395,Super Value Plus
ZRX03396,Value Plus
ZRX03397,Super Value Plus
ZRX03398,Normal
ZRX03400,Value Plus
ZRX03403,Normal
ZRX03408,Normal
ZRX03409,Value Plus
ZRX03412,Normal
ZRX03417,Value Plus
ZRX03419,Super Value Plus
ZRX03420,Normal
ZRX03421,Super Value Plus
ZRX03422,Normal
ZRX03424,Super Value Plus
ZRX03425,Value Plus
ZRX03431,Standard
ZRX03434,Value Plus
ZRX03445,Normal
ZRX03446,Value
ZRX03449,Normal
ZRX03452,Normal
ZRX03469,Super Value Plus
ZRX03471,Normal
ZRX03475,Normal
ZRX03477,Super Value Plus
ZRX03479,Value Plus
ZRX03482,Super Value Plus
ZRX03483,Normal
ZRX03494,Normal
ZRX03508,Normal
ZRX03509,Super Value Plus
ZRX03512,Normal
ZRX03514,Normal
ZRX03516,Normal
ZRX03517,Normal
ZRX03522,Normal
ZRX03525,Normal
ZRX03534,Normal
ZRX03538,Normal
ZRX03541,Normal
ZRX03543,Normal
ZRX03558,Normal
ZRX03561,Normal
ZRX03562,Normal
ZRX03563,Value Plus
ZRX03574,Normal
ZRX03582,Super Value Plus
ZRX03583,Normal
ZRX03586,Value Plus
ZRX03591,Super Value Plus
ZRX03596,Normal
ZRX03598,Normal
ZRX03604,Standard
ZRX03605,Normal
ZRX03610,Value Plus
ZRX03611,Super Value Plus
ZRX03616,Normal
ZRX03622,Normal
ZRX03628,Normal
ZRX03629,Super Value Plus
ZRX03636,Normal
ZRX03637,Super Value Plus
ZRX03639,Normal
ZRX03643,Super Value Plus
ZRX03644,Normal
ZRX03645,Standard
ZRX03649,Super Value Plus
ZRX03650,Normal
ZRX03651,Value Plus
ZRX03652,Value Plus
ZRX03659,Value Plus
ZRX03661,Normal
ZRX03670,Normal
ZRX03681,Normal
ZRX03684,Normal
ZRX03687,Normal
ZRX03688,Normal
ZRX03697,Normal
ZRX03703,Normal
ZRX03707,Normal
ZRX03710,Super Value Plus
ZRX03718,Normal
ZRX03724,Super Value Plus
ZRX03725,Super Value Plus
ZRX03732,Super Value Plus
ZRX03739,Super Value Plus
ZRX03740,Normal
ZRX03756,Normal
ZRX03758,Normal
ZRX03761,Normal
ZRX03762,Value Plus
ZRX03768,Value Plus
ZRX03772,Normal
ZRX03778,Super Value Plus
ZRX03787,Normal
ZRX03788,Super Value Plus
ZRX03789,Normal
ZRX03792,Standard
ZRX03806,Normal
ZRX03808,Value Plus
ZRX03813,Normal
ZRX03819,Normal
ZRX03822,Normal
ZRX03824,Normal
ZRX03827,Normal
ZRX03831,Normal
ZRX03834,Super Value Plus
ZRX03842,Normal
ZRX03851,Normal
ZRX03852,Normal
ZRX03854,Normal
ZRX03861,Normal
ZRX03866,Super Value Plus
ZRX03868,Value Plus
ZRX03871,Value Plus
ZRX03875,Super Value Plus
ZRX03876,Normal
ZRX03878,Normal
ZRX03886,Normal
ZRX03892,Normal
ZRX03893,Normal
ZRX03900,Normal
ZRX03903,Super Value Plus
ZRX03905,Super Value Plus
ZRX03913,Normal
ZRX03915,Value Plus
ZRX03916,Normal
ZRX03921,Normal
ZRX03923,Normal
ZRX03926,Normal
ZRX03928,Super Value Plus
ZRX03931,Super Value Plus
ZRX03932,Normal
ZRX03934,Super Value Plus
ZRX03938,Normal
ZRX03939,Super Value Plus
ZRX03940,Super Value Plus
ZRX03941,Value Plus
ZRX03943,Value Plus
ZRX03945,Value Plus
ZRX03947,Value Plus
ZRX03948,Normal
ZRX03952,Super Value Plus
ZRX03955,Super Value Plus
ZRX03956,Normal
ZRX03957,Normal
ZRX03959,Value Plus
ZRX03961,Value Plus
ZRX03968,Super Value Plus
ZRX03969,Normal
ZRX03979,Super Value Plus
ZRX03987,Normal
ZRX03988,Normal
ZRX03989,Normal
ZRX03993,Super Value Plus
ZRX03997,Normal
ZRX04002,Normal
ZRX04006,Super Value Plus
ZRX04009,Standard
ZRX04015,Normal
ZRX04027,Normal
ZRX04036,Value
ZRX04039,Super Value Plus
ZRX04042,Super Value Plus
ZRX04046,Normal
ZRX04056,Normal
ZRX04068,Normal
ZRX04071,Normal
ZRX04082,Normal
ZRX04088,Value Plus
ZRX04092,Normal
ZRX04095,Normal
ZRX04103,Normal
ZRX04107,Normal
ZRX04111,Super Value Plus
ZRX04112,Normal
ZRX04113,Normal
ZRX04119,Value Plus
ZRX04120,Value Plus
ZRX04128,Super Value Plus
ZRX04130,Super Value Plus
ZRX04140,Super Value Plus
ZRX04142,Normal
ZRX04144,Super Value Plus
ZRX04146,Value Plus
ZRX04153,Super Value Plus
ZRX04157,Normal
ZRX04160,Normal
ZRX04161,Super Value Plus
ZRX04170,Value Plus
ZRX04177,Value Plus
ZRX04184,Super Value Plus
ZRX04188,Value
ZRX04189,Value Plus
ZRX04190,Normal
ZRX04192,Normal
ZRX04193,Standard
ZRX04194,Value Plus
ZRX04196,Normal
ZRX04207,Normal
ZRX04211,Normal
ZRX04212,Standard
ZRX04216,Super Value Plus
ZRX04225,Normal
ZRX04226,Value
ZRX04240,Super Value Plus
ZRX04245,Value Plus
ZRX04259,Value Plus
ZRX04266,Normal
ZRX04267,Normal
ZRX04269,Super Value Plus
ZRX04270,Normal
ZRX04272,Value Plus
ZRX04277,Value Plus
ZRX04278,Normal
ZRX04280,Value Plus
ZRX04282,Normal
ZRX04284,Normal
ZRX04298,Normal
ZRX04301,Value Plus
ZRX04311,Normal
ZRX04315,Normal
ZRX04318,Normal
ZRX04322,Super Value Plus
ZRX04323,Normal
ZRX04324,Super Value Plus
ZRX04329,Value Plus
ZRX04333,Normal
ZRX04336,Value Plus
ZRX04338,Normal
ZRX04343,Value Plus
ZRX04346,Normal
ZRX04347,Value Plus
ZRX04353,Normal
ZRX04361,Normal
ZRX04365,Value
ZRX04372,Value
ZRX04378,Super Value Plus
ZRX04383,Super Value Plus
ZRX04386,Super Value Plus
ZRX04387,Normal
ZRX04392,Normal
ZRX04395,Normal
ZRX04400,Super Value Plus
ZRX04401,Normal
ZRX04403,Normal
ZRX04404,Normal
ZRX04407,Normal
ZRX04408,Value Plus
ZRX04409,Normal
ZRX04410,Normal
ZRX04411,Value
ZRX04421,Normal
ZRX04425,Super Value Plus
ZRX04426,Normal
ZRX04428,Normal
ZRX04430,Value Plus
ZRX04434,Normal
ZRX04435,Value Plus
ZRX04436,Normal
ZRX04437,Value
ZRX04440,Normal
ZRX04446,Value
ZRX04447,Normal
ZRX04448,Super Value Plus
ZRX04453,Normal
ZRX04454,Super Value Plus
ZRX04456,Value Plus
ZRX04466,Normal
ZRX04467,Super Value Plus
ZRX04479,Super Value Plus
ZRX04480,Value
ZRX04509,Super Value Plus
ZRX04510,Normal
ZRX04512,Normal
ZRX04522,Value Plus
ZRX04527,Normal
ZRX04532,Value Plus
ZRX04539,Normal
ZRX04542,Value Plus
ZRX04545,Normal
ZRX04546,Normal
ZRX04548,Normal
ZRX04553,Normal
ZRX04559,Normal
ZRX04562,Normal
ZRX04566,Normal
ZRX04569,Normal
ZRX04570,Normal
ZRX04571,Normal
ZRX04573,Super Value Plus
ZRX04577,Normal
ZRX04578,Super Value Plus
ZRX04579,Normal
ZRX04580,Value Plus
ZRX04583,Normal
ZRX04585,Value Plus
ZRX04589,Normal
ZRX04592,Normal
ZRX04594,Normal
ZRX04597,Super Value Plus
ZRX04598,Normal
ZRX04604,Standard
ZRX04606,Super Value Plus
ZRX04612,Super Value Plus
ZRX04617,Normal
ZRX04619,Super Value Plus
ZRX04622,Value Plus
ZRX04630,Normal
ZRX04638,Super Value Plus
ZRX04644,Normal
ZRX04649,Super Value Plus
ZRX04652,Value Plus
ZRX04655,Value
ZRX04659,Value Plus
ZRX04661,Normal
ZRX04667,Value Plus
ZRX04670,Normal
ZRX04676,Value Plus
ZRX04677,Normal
ZRX04679,Normal
ZRX04680,Normal
ZRX04686,Super Value Plus
ZRX04687,Normal
ZRX04688,Normal
ZRX04704,Super Value Plus
ZRX04705,Super Value Plus
ZRX04706,Normal
ZRX04707,Super Value Plus
ZRX04711,Super Value Plus
ZRX04715,Normal
ZRX04721,Super Value Plus
ZRX04725,Super Value Plus
ZRX04733,Normal
ZRX04734,Normal
ZRX04737,Normal
ZRX04742,Super Value Plus
ZRX04749,Super Value Plus
ZRX04761,Value
ZRX04765,Value Plus
ZRX04775,Super Value Plus
ZRX04776,Super Value Plus
ZRX04787,Normal
ZRX04789,Normal
ZRX04791,Super Value Plus
ZRX04802,Normal
ZRX04810,Value Plus
ZRX04812,Normal
ZRX04814,Normal
ZRX04815,Normal
ZRX04825,Normal
ZRX04829,Super Value Plus
ZRX04830,Normal
ZRX04836,Normal
ZRX04838,Normal
ZRX04840,Normal
ZRX04842,Normal
ZRX04846,Normal
ZRX04849,Super Value Plus
ZRX04851,Normal
ZRX04858,Super Value Plus
ZRX04860,Normal
ZRX04864,Value Plus
ZRX04869,Normal
ZRX04870,Super Value Plus
ZRX04876,Value Plus
ZRX04877,Value Plus
ZRX04880,Normal
ZRX04889,Super Value Plus
ZRX04891,Normal
ZRX04900,Normal
ZRX04909,Normal
ZRX04916,Super Value Plus
ZRX04919,Normal
ZRX04920,Super Value Plus
ZRX04923,Normal
ZRX04928,Value Plus
ZRX04936,Normal
ZRX04937,Value Plus
ZRX04939,Value Plus
ZRX04941,Value Plus
ZRX04942,Normal
ZRX04945,Super Value Plus
ZRX04950,Value Plus
ZRX04951,Value
ZRX04966,Super Value Plus
ZRX04968,Super Value Plus
ZRX04971,Super Value Plus
ZRX04974,Normal
ZRX04981,Super Value Plus
ZRX04988,Value
ZRX04997,Normal
ZRX04999,Normal
ZRX05007,Normal
ZRX05009,Normal
ZRX05013,Normal
ZRX05022,Normal
ZRX05034,Value Plus
ZRX05036,Normal
ZRX05037,Normal
ZRX05042,Normal
ZRX05045,Normal
ZRX05060,Super Value Plus
ZRX05062,Normal
ZRX05063,Normal
ZRX05064,Normal
ZRX05065,Super Value Plus
ZRX05067,Super Value Plus
ZRX05069,Normal
ZRX05070,Super Value Plus
ZRX05075,Value
ZRX05084,Standard
ZRX05086,Value Plus
ZRX05095,Normal
ZRX05098,Value Plus
ZRX05103,Normal
ZRX05108,Normal
ZRX05109,Super Value Plus
ZRX05110,Normal
ZRX05116,Normal
ZRX05117,Normal
ZRX05121,Value
ZRX05125,Normal
ZRX05127,Normal
ZRX05132,Normal
ZRX05138,Value
ZRX05143,Value Plus
ZRX05145,Value Plus
ZRX05150,Normal
ZRX05152,Super Value Plus
ZRX05153,Normal
ZRX05154,Super Value Plus
ZRX05158,Normal
ZRX05163,Normal
ZRX05166,Normal
ZRX05167,Normal
ZRX05170,Super Value Plus
ZRX05172,Normal
ZRX05175,Normal
ZRX05176,Super Value Plus
ZRX05179,Normal
ZRX05181,Super Value Plus
ZRX05190,Normal
ZRX05193,Super Value Plus
ZRX05200,Value Plus
ZRX05205,Super Value Plus
ZRX05213,Normal
ZRX05216,Normal
ZRX05220,Value Plus
ZRX05221,Normal
ZRX05228,Value Plus
ZRX05231,Value Plus
ZRX05234,Normal
ZRX05240,Normal
ZRX05247,Normal
ZRX05248,Value
ZRX05249,Normal
ZRX05253,Super Value Plus
ZRX05260,Value
ZRX05269,Normal
ZRX05270,Value Plus
ZRX05279,Normal
ZRX05282,Super Value Plus
ZRX05286,Normal
ZRX05288,Normal
ZRX05289,Normal
ZRX05291,Normal
ZRX05294,Value Plus
ZRX05295,Super Value Plus
ZRX05297,Value Plus
ZRX05299,Value Plus
ZRX05304,Normal
ZRX05313,Super Value Plus
ZRX05318,Normal
ZRX05322,Normal
ZRX05324,Super Value Plus
ZRX05326,Normal
ZRX05333,Super Value Plus
ZRX05341,Value Plus
ZRX05342,Normal
ZRX05345,Normal
ZRX05350,Normal
ZRX05351,Normal
ZRX05361,Value Plus
ZRX05369,Super Value Plus
ZRX05370,Normal
ZRX05372,Value Plus
ZRX05373,Super Value Plus
ZRX05377,Normal
ZRX05380,Value
ZRX05382,Normal
ZRX05383,Normal
ZRX05386,Normal
ZRX05388,Normal
ZRX05389,Super Value Plus
ZRX05390,Normal
ZRX05392,Super Value Plus
ZRX05397,Normal
ZRX05406,Normal
ZRX05407,Super Value Plus
ZRX05409,Super Value Plus
ZRX05417,Super Value Plus
ZRX05423,Normal
ZRX05429,Normal
ZRX05436,Value Plus
ZRX05439,Normal
ZRX05444,Super Value Plus
ZRX05446,Normal
ZRX05447,Value Plus
ZRX05452,Value
ZRX05453,Super Value Plus
ZRX05455,Value Plus
ZRX05457,Super Value Plus
ZRX05461,Normal
ZRX05462,Normal
ZRX05464,Normal
ZRX05465,Normal
ZRX05468,Super Value Plus
ZRX05472,Normal
ZRX05478,Value Plus
ZRX05479,Normal
ZRX05481,Super Value Plus
ZRX05482,Normal
ZRX05485,Normal
ZRX05496,Normal
ZRX05498,Normal
ZRX05501,Normal
ZRX05502,Normal
ZRX05509,Value Plus
ZRX05516,Value Plus
ZRX05521,Super Value Plus
ZRX05522,Normal
ZRX05523,Normal
ZRX05526,Value
ZRX05530,Normal
ZRX05535,Normal
ZRX05537,Value Plus
ZRX05541,Super Value Plus
ZRX05549,Value Plus
ZRX05550,Super Value Plus
ZRX05553,Super Value Plus
ZRX05558,Value Plus
ZRX05559,Super Value Plus
ZRX05561,Normal
ZRX05562,Value Plus
ZRX05569,Normal
ZRX05572,Super Value Plus
ZRX05574,Value Plus
ZRX05577,Value Plus
ZRX05578,Value
ZRX05584,Value
ZRX05588,Normal
ZRX05591,Value Plus
ZRX05598,Super Value Plus
ZRX05603,Value Plus
ZRX05611,Value Plus
ZRX05616,Super Value Plus
ZRX05620,Normal
ZRX05624,Super Value Plus
ZRX05627,Value Plus
ZRX05628,Standard
ZRX05630,Value Plus
ZRX05637,Super Value Plus
ZRX05640,Normal
ZRX05643,Value Plus
ZRX05652,Super Value Plus
ZRX05655,Normal
ZRX05657,Normal
ZRX05667,Value Plus
ZRX05671,Value Plus
ZRX05672,Normal
ZRX05674,Super Value Plus
ZRX05675,Normal
ZRX05678,Super Value Plus
ZRX05681,Normal
ZRX05682,Value Plus
ZRX05688,Normal
ZRX05689,Super Value Plus
ZRX05693,Normal
ZRX05696,Value Plus
ZRX05698,Value
ZRX05699,Super Value Plus
ZRX05703,Normal
ZRX05705,Super Value Plus
ZRX05706,Value Plus
ZRX05709,Value Plus
ZRX05724,Normal
ZRX05725,Value Plus
ZRX05727,Normal
ZRX05730,Normal
ZRX05732,Super Value Plus
ZRX05733,Normal
ZRX05735,Value Plus
ZRX05736,Normal
ZRX05748,Super Value Plus
ZRX05749,Value Plus
ZRX05754,Value Plus
ZRX05757,Super Value Plus
ZRX05758,Normal
ZRX05763,Standard
ZRX05769,Value Plus
ZRX05774,Super Value Plus
ZRX05775,Normal
ZRX05780,Super Value Plus
ZRX05782,Normal
ZRX05785,Value
ZRX05788,Super Value Plus
ZRX05789,Normal
ZRX05790,Normal
ZRX05793,Standard
ZRX05800,Normal
ZRX05805,Normal
ZRX05808,Value Plus
ZRX05810,Normal
ZRX05822,Standard
ZRX05824,Value Plus
ZRX05828,Normal
ZRX05831,Normal
ZRX05834,Normal
ZRX05835,Normal
ZRX05839,Normal
ZRX05841,Value Plus
ZRX05843,Value Plus
ZRX05848,Super Value Plus
ZRX05850,Normal
ZRX05858,Normal
ZRX05861,Value Plus
ZRX05862,Value Plus
ZRX05864,Value Plus
ZRX05867,Super Value Plus
ZRX05869,Normal
ZRX05874,Value Plus
ZRX05879,Normal
ZRX05893,Value Plus
ZRX05894,Value
ZRX05900,Super Value Plus
ZRX05903,Value Plus
ZRX05907,Normal
ZRX05908,Super Value Plus
ZRX05909,Value Plus
ZRX05910,Super Value Plus
ZRX05916,Super Value Plus
ZRX05920,Normal
ZRX05922,Normal
ZRX05929,Normal
ZRX05930,Super Value Plus
ZRX05941,Normal
ZRX05944,Super Value Plus
ZRX05949,Normal
ZRX05951,Normal
ZRX05952,Standard
ZRX05953,Super Value Plus
ZRX05954,Normal
ZRX05956,Value Plus
ZRX05957,Normal
ZRX05958,Normal
ZRX05967,Normal
ZRX05971,Value Plus
ZRX05977,Super Value Plus
ZRX05981,Normal
ZRX05983,Standard
ZRX05985,Super Value Plus
ZRX05986,Normal
ZRX05987,Normal
ZRX05992,Value
ZRX05994,Normal
ZRX05996,Standard
ZRX05997,Super Value Plus
ZRX06002,Normal
ZRX06004,Normal
ZRX06008,Normal
ZRX06010,Normal
ZRX06016,Value Plus
ZRX06017,Normal
ZRX06018,Normal
ZRX06029,Standard
ZRX06037,Normal
ZRX06038,Value Plus
ZRX06047,Normal
ZRX06057,Value Plus
ZRX06062,Super Value Plus
ZRX06063,Normal
ZRX06065,Normal
ZRX06072,Value Plus
ZRX06080,Value Plus
ZRX06085,Normal
ZRX06087,Normal
ZRX06092,Normal
ZRX06093,Value Plus
ZRX06094,Normal
ZRX06097,Value Plus
ZRX06098,Normal
ZRX06100,Value Plus
ZRX06105,Normal
ZRX06110,Super Value Plus
ZRX06112,Super Value Plus
ZRX06115,Super Value Plus
ZRX06116,Normal
ZRX06124,Standard
ZRX06127,Normal
ZRX06128,Value Plus
ZRX06131,Normal
ZRX06132,Value Plus
ZRX06141,Value Plus
ZRX06147,Normal
ZRX06150,Value Plus
ZRX06161,Normal
ZRX06162,Value
ZRX06169,Super Value Plus
ZRX06170,Value Plus
ZRX06172,Super Value Plus
ZRX06173,Normal
ZRX06174,Value
ZRX06176,Normal
ZRX06183,Super Value Plus
ZRX06201,Value Plus
ZRX06208,Value Plus
ZRX06209,Value Plus
ZRX06213,Value Plus
ZRX06214,Normal
ZRX06221,Normal
ZRX06224,Normal
ZRX06225,Normal
ZRX06233,Super Value Plus
ZRX06238,Normal
ZRX06240,Normal
ZRX06241,Normal
ZRX06246,Super Value Plus
ZRX06247,Super Value Plus
ZRX06250,Normal
ZRX06253,Value Plus
ZRX06260,Value Plus
ZRX06271,Normal
ZRX06274,Normal
ZRX06279,Normal
ZRX06283,Normal
ZRX06291,Value Plus
ZRX06299,Normal
ZRX06308,Normal
ZRX06311,Normal
ZRX06312,Normal
ZRX06315,Normal
ZRX06318,Super Value Plus
ZRX06325,Normal
ZRX06328,Value Plus
ZRX06330,Super Value Plus
ZRX06332,Value Plus
ZRX06333,Value Plus
ZRX06336,Normal
ZRX06345,Super Value Plus
ZRX06350,Normal
ZRX06359,Normal
ZRX06361,Normal
ZRX06362,Standard
ZRX06365,Value Plus
ZRX06377,Super Value Plus
ZRX06381,Normal
ZRX06388,Standard
ZRX06395,Normal
ZRX06400,Normal
ZRX06407,Normal
ZRX06408,Normal
ZRX06411,Normal
ZRX06418,Normal
ZRX06422,Normal
ZRX06430,Value Plus
ZRX06432,Normal
ZRX06442,Normal
ZRX06446,Normal
ZRX06447,Normal
ZRX06448,Normal
ZRX06450,Normal
ZRX06451,Normal
ZRX06453,Normal
ZRX06456,Value
ZRX06461,Value Plus
ZRX06465,Value
ZRX06468,Value
ZRX06479,Normal
ZRX06481,Normal
ZRX06486,Value Plus
ZRX06493,Super Value Plus
ZRX06494,Normal
ZRX06498,Normal
ZRX06499,Normal
ZRX06511,Normal
ZRX06516,Normal
ZRX06523,Normal
ZRX06524,Super Value Plus
ZRX06527,Normal
ZRX06528,Normal
ZRX06534,Value Plus
ZRX06535,Normal
ZRX06537,Value Plus
ZRX06542,Normal
ZRX06543,Normal
ZRX06544,Value Plus
ZRX06545,Normal
ZRX06548,Standard
ZRX06550,Normal
ZRX06551,Value Plus
ZRX06556,Normal
ZRX06560,Value
ZRX06561,Normal
ZRX06562,Value Plus
ZRX06565,Normal
ZRX06566,Normal
ZRX06567,Normal
ZRX06578,Super Value Plus
ZRX06579,Normal
ZRX06582,Normal
ZRX06593,Normal
ZRX06596,Super Value Plus
ZRX06598,Super Value Plus
ZRX06601,Value Plus
ZRX06602,Normal
ZRX06603,Super Value Plus
ZRX06604,Normal
ZRX06605,Value
ZRX06609,Super Value Plus
ZRX06612,Normal
ZRX06615,Normal
ZRX06616,Value Plus
ZRX06617,Normal
ZRX06618,Normal
ZRX06625,Super Value Plus
ZRX06627,Normal
ZRX06630,Value Plus
ZRX06638,Super Value Plus
ZRX06642,Normal
ZRX06643,Value Plus
ZRX06647,Value Plus
ZRX06648,Normal
ZRX06659,Value
ZRX06660,Normal
ZRX06661,Value Plus
ZRX06664,Normal
ZRX06668,Standard
ZRX06672,Super Value Plus
ZRX06673,Normal
ZRX06677,Standard
ZRX06680,Normal
ZRX06681,Normal
ZRX06682,Standard
ZRX06684,Value Plus
ZRX06688,Normal
ZRX06690,Value
ZRX06692,Value Plus
ZRX06694,Normal
ZRX06696,Normal
ZRX06711,Standard
ZRX06712,Super Value Plus
ZRX06719,Normal
ZRX06721,Normal
ZRX06724,Normal
ZRX06729,Standard
ZRX06733,Value Plus
ZRX06741,Normal
ZRX06742,Super Value Plus
ZRX06743,Standard
ZRX06749,Super Value Plus
ZRX06755,Super Value Plus
ZRX06757,Normal
ZRX06758,Value Plus
ZRX06777,Normal
ZRX06800,Normal
ZRX06802,Normal
ZRX06811,Normal
ZRX06812,Normal
ZRX06816,Normal
ZRX06817,Super Value Plus
ZRX06820,Standard
ZRX06823,Standard
ZRX06824,Standard
ZRX06832,Normal
ZRX06834,Normal
ZRX06838,Value Plus
ZRX06851,Normal
ZRX06852,Standard
ZRX06861,Normal
ZRX06863,Value Plus
ZRX06864,Normal
ZRX06866,Normal
ZRX06868,Normal
ZRX06874,Value Plus
ZRX06877,Normal
ZRX06884,Normal
ZRX06886,Normal
ZRX06887,Normal
ZRX06888,Normal
ZRX06889,Normal
ZRX06893,Super Value Plus
ZRX06895,Super Value Plus
ZRX06902,Value
ZRX06905,Normal
ZRX06920,Super Value Plus
ZRX06922,Super Value Plus
ZRX06924,Normal
ZRX06927,Normal
ZRX06934,Value Plus
ZRX06936,Value Plus
ZRX06946,Normal
ZRX06947,Value Plus
ZRX06956,Normal
ZRX06957,Normal
ZRX06959,Normal
ZRX06967,Normal
ZRX06972,Normal
ZRX06974,Super Value Plus
ZRX06983,Normal
ZRX06986,Value Plus
ZRX06989,Normal
ZRX06991,Normal
ZRX06992,Normal
ZRX06993,Normal
ZRX07003,Normal
ZRX07004,Normal
ZRX07012,Normal
ZRX07018,Value Plus
ZRX07019,Normal
ZRX07020,Normal
ZRX07025,Normal
ZRX07036,Normal
ZRX07041,Normal
ZRX07043,Normal
ZRX07044,Value Plus
ZRX07045,Super Value Plus
ZRX07058,Normal
ZRX07060,Normal
ZRX07067,Normal
ZRX07068,Standard
ZRX07071,Normal
ZRX07072,Normal
ZRX07075,Normal
ZRX07076,Value Plus
ZRX07077,Value Plus
ZRX07079,Normal
ZRX07082,Normal
ZRX07085,Normal
ZRX07090,Value
ZRX07092,Normal
ZRX07093,Super Value Plus
ZRX07094,Value
ZRX07096,Value Plus
ZRX07099,Value Plus
ZRX07100,Standard
ZRX07103,Normal
ZRX07110,Normal
ZRX07113,Normal
ZRX07117,Value Plus
ZRX07119,Normal
ZRX07123,Super Value Plus
ZRX07124,Value Plus
ZRX07126,Standard
ZRX07128,Value Plus
ZRX07130,Normal
ZRX07135,Normal
ZRX07141,Value Plus
ZRX07145,Normal
ZRX07146,Normal
ZRX07158,Value Plus
ZRX07168,Normal
ZRX07179,Normal
ZRX07180,Normal
ZRX07181,Normal
ZRX07183,Super Value Plus
ZRX07188,Value Plus
ZRX07190,Normal
ZRX07198,Normal
ZRX07200,Normal
ZRX07201,Value Plus
ZRX07202,Super Value Plus
ZRX07205,Value Plus
ZRX07208,Normal
ZRX07209,Value Plus
ZRX07212,Value Plus
ZRX07222,Value Plus
ZRX07228,Value
ZRX07229,Normal
ZRX07233,Normal
ZRX07235,Value Plus
ZRX07239,Super Value Plus
ZRX07247,Value Plus
ZRX07252,Normal
ZRX07258,Normal
ZRX07262,Normal
ZRX07265,Value Plus
ZRX07275,Normal
ZRX07286,Super Value Plus
ZRX07287,Normal
ZRX07290,Normal
ZRX07291,Normal
ZRX07296,Normal
ZRX07297,Normal
ZRX07298,Normal
ZRX07302,Normal
ZRX07303,Value Plus
ZRX07306,Normal
ZRX07308,Value Plus
ZRX07311,Normal
ZRX07315,Value Plus
ZRX07316,Super Value Plus
ZRX07318,Value
ZRX07322,Value
ZRX07325,Value Plus
ZRX07326,Normal
ZRX07327,Normal
ZRX07332,Standard
ZRX07334,Normal
ZRX07335,Value
ZRX07339,Value Plus
ZRX07343,Standard
ZRX07348,Normal
ZRX07349,Super Value Plus
ZRX07354,Normal
ZRX07356,Super Value Plus
ZRX07361,Super Value Plus
ZRX07362,Normal
ZRX07364,Normal
ZRX07373,Normal
ZRX07379,Normal
ZRX07380,Value Plus
ZRX07381,Standard
ZRX07385,Value Plus
ZRX07388,Super Value Plus
ZRX07389,Normal
ZRX07390,Value Plus
ZRX07391,Normal
ZRX07393,Normal
ZRX07394,Normal
ZRX07399,Normal
ZRX07400,Normal
ZRX07403,Value Plus
ZRX07406,Value Plus
ZRX07411,Normal
ZRX07412,Standard
ZRX07417,Normal
ZRX07425,Normal
ZRX07429,Normal
ZRX07437,Normal
ZRX07438,Normal
ZRX07443,Normal
ZRX07448,Value Plus
ZRX07450,Value Plus
ZRX07451,Normal
ZRX07452,Super Value Plus
ZRX07460,Super Value Plus
ZRX07463,Super Value Plus
ZRX07470,Value
ZRX07473,Normal
ZRX07474,Value Plus
ZRX07477,Value Plus
ZRX07478,Normal
ZRX07479,Normal
ZRX07486,Normal
ZRX07489,Value Plus
ZRX07499,Normal
ZRX07503,Standard
ZRX07506,Super Value Plus
ZRX07508,Normal
ZRX07509,Normal
ZRX07511,Value Plus
ZRX07514,Value Plus
ZRX07521,Normal
ZRX07526,Super Value Plus
ZRX07536,Value Plus
ZRX07537,Normal
ZRX07540,Normal
ZRX07542,Standard
ZRX07544,Value
ZRX07547,Super Value Plus
ZRX07561,Super Value Plus
ZRX07570,Value Plus
ZRX07572,Value Plus
ZRX07574,Super Value Plus
ZRX07575,Normal
ZRX07582,Value Plus
ZRX07595,Normal
ZRX07596,Super Value Plus
ZRX07597,Value Plus
ZRX07598,Normal
ZRX07601,Normal
ZRX07606,Value Plus
ZRX07610,Normal
ZRX07614,Value Plus
ZRX07617,Value Plus
ZRX07618,Super Value Plus
ZRX07619,Normal
ZRX07626,Value Plus
ZRX07629,Normal
ZRX07630,Value Plus
ZRX07640,Value Plus
ZRX07642,Super Value Plus
ZRX07646,Value Plus
ZRX07647,Super Value Plus
ZRX07655,Value Plus
ZRX07660,Value
ZRX07662,Super Value Plus
ZRX07667,Super Value Plus
ZRX07685,Normal
ZRX07689,Normal
ZRX07690,Normal
ZRX07691,Value Plus
ZRX07699,Value Plus
ZRX07700,Value Plus
ZRX07718,Normal
ZRX07719,Normal
ZRX07721,Normal
ZRX07723,Normal
ZRX07725,Normal
ZRX07726,Normal
ZRX07729,Normal
ZRX07731,Super Value Plus
ZRX07736,Value
ZRX07737,Super Value Plus
ZRX07746,Normal
ZRX07748,Value Plus
ZRX07751,Normal
ZRX07752,Normal
ZRX07755,Standard
ZRX07760,Value
ZRX07773,Value Plus
ZRX07775,Value Plus
ZRX07776,Normal
ZRX07784,Normal
ZRX07790,Normal
ZRX07792,Value Plus
ZRX07794,Normal
ZRX07805,Normal
ZRX07812,Normal
ZRX07817,Value Plus
ZRX07820,Super Value Plus
ZRX07823,Normal
ZRX07824,Super Value Plus
ZRX07827,Value Plus
ZRX07831,Normal
ZRX07834,Value Plus
ZRX07835,Normal
ZRX07836,Normal
ZRX07839,Value Plus
ZRX07840,Normal
ZRX07849,Super Value Plus
ZRX07854,Value Plus
ZRX07858,Value Plus
ZRX07865,Normal
ZRX07869,Normal
ZRX07875,Normal
ZRX07879,Value Plus
ZRX07882,Super Value Plus
ZRX07889,Normal
ZRX07892,Value Plus
ZRX07900,Normal
ZRX07907,Normal
ZRX07910,Normal
ZRX07914,Normal
ZRX07920,Standard
ZRX07921,Value Plus
ZRX07927,Normal
ZRX07934,Super Value Plus
ZRX07937,Normal
ZRX07940,Super Value Plus
ZRX07943,Normal
ZRX07946,Normal
ZRX07951,Value Plus
ZRX07958,Normal
ZRX07961,Super Value Plus
ZRX07962,Normal
ZRX07963,Normal
ZRX07964,Normal
ZRX07967,Value
ZRX07969,Normal
ZRX07973,Normal
ZRX07978,Normal
ZRX07984,Value
ZRX07986,Normal
ZRX07989,Normal
ZRX07999,Normal
ZRX08013,Value
ZRX08015,Normal
ZRX08016,Normal
ZRX08018,Standard
ZRX08023,Normal
ZRX08024,Normal
ZRX08028,Normal
ZRX08038,Value Plus
ZRX08041,Value Plus
ZRX08042,Value
ZRX08045,Standard
ZRX08047,Value Plus
ZRX08048,Super Value Plus
ZRX08051,Normal
ZRX08052,Super Value Plus
ZRX08060,Normal
ZRX08070,Normal
ZRX08071,Normal
ZRX08072,Value Plus
ZRX08076,Normal
ZRX08082,Value
ZRX08085,Normal
ZRX08090,Value Plus
ZRX08093,Normal
ZRX08098,Normal
ZRX08101,Normal
ZRX08102,Normal
ZRX08103,Super Value Plus
ZRX08106,Normal
ZRX08107,Super Value Plus
ZRX08114,Super Value Plus
ZRX08118,Normal
ZRX08122,Super Value Plus
ZRX08123,Normal
ZRX08133,Super Value Plus
ZRX08139,Normal
ZRX08141,Normal
ZRX08145,Normal
ZRX08150,Value Plus
ZRX08153,Normal
ZRX08155,Normal
ZRX08157,Super Value Plus
ZRX08160,Normal
ZRX08162,Normal
ZRX08167,Normal
ZRX08172,Standard
ZRX08173,Value Plus
ZRX08174,Normal
ZRX08178,Value Plus
ZRX08181,Normal
ZRX08185,Normal
ZRX08188,Value Plus
ZRX08201,Normal
ZRX08203,Normal
ZRX08215,Normal
ZRX08216,Normal
ZRX08218,Normal
ZRX08219,Standard
ZRX08223,Super Value Plus
ZRX08228,Standard
ZRX08229,Normal
ZRX08239,Normal
ZRX08241,Normal
ZRX08243,Normal
ZRX08246,Value Plus
ZRX08248,Super Value Plus
ZRX08251,Normal
ZRX08254,Normal
ZRX08255,Normal
ZRX08262,Normal
ZRX08263,Value Plus
ZRX08265,Normal
ZRX08272,Normal
ZRX08273,Value Plus
ZRX08274,Value Plus
ZRX08276,Value Plus
ZRX08279,Value Plus
ZRX08287,Value Plus
ZRX08290,Value
ZRX08295,Normal
ZRX08299,Normal
ZRX08301,Super Value Plus
ZRX08302,Normal
ZRX08307,Value Plus
ZRX08311,Normal
ZRX08313,Value Plus
ZRX08316,Normal
ZRX08319,Normal
ZRX08321,Value Plus
ZRX08322,Normal
ZRX08323,Super Value Plus
ZRX08324,Value Plus
ZRX08335,Normal
ZRX08337,Normal
ZRX08338,Super Value Plus
ZRX08344,Normal
ZRX08346,Normal
ZRX08348,Value Plus
ZRX08352,Normal
ZRX08357,Value Plus
ZRX08360,Normal
ZRX08367,Normal
ZRX08377,Normal
ZRX08379,Super Value Plus
ZRX08383,Normal
ZRX08386,Value Plus
ZRX08389,Normal
ZRX08390,Normal
ZRX08391,Value Plus
ZRX08392,Normal
ZRX08395,Normal
ZRX08398,Normal
ZRX08400,Super Value Plus
ZRX08403,Value Plus
ZRX08414,Normal
ZRX08418,Standard
ZRX08424,Super Value Plus
ZRX08425,Normal
ZRX08427,Normal
ZRX08430,Value Plus
ZRX08433,Normal
ZRX08437,Normal
ZRX08438,Normal
ZRX08460,Value Plus
ZRX08461,Value Plus
ZRX08465,Value
ZRX08468,Normal
ZRX08472,Standard
ZRX08474,Normal
ZRX08475,Value Plus
ZRX08476,Normal
ZRX08479,Normal
ZRX08483,Super Value Plus
ZRX08484,Value Plus
ZRX08486,Standard
ZRX08489,Normal
ZRX08490,Value
ZRX08497,Value Plus
ZRX08498,Value Plus
ZRX08503,Normal
ZRX08505,Value Plus
ZRX08506,Normal
ZRX08508,Normal
ZRX08512,Value Plus
ZRX08516,Value Plus
ZRX08521,Normal
ZRX08525,Normal
ZRX08531,Normal
ZRX08532,Value Plus
ZRX08539,Normal
ZRX08546,Normal
ZRX08554,Value Plus
ZRX08555,Normal
ZRX08556,Normal
ZRX08559,Value Plus
ZRX08567,Super Value Plus
ZRX08568,Normal
ZRX08570,Normal
ZRX08578,Super Value Plus
ZRX08582,Normal
ZRX08586,Value Plus
ZRX08590,Normal
ZRX08594,Normal
ZRX08596,Normal
ZRX08598,Normal
ZRX08599,Normal
ZRX08602,Normal
ZRX08606,Value Plus
ZRX08610,Value Plus
ZRX08616,Value Plus
ZRX08617,Value
ZRX08618,Super Value Plus
ZRX08621,Value Plus
ZRX08623,Value Plus
ZRX08629,Normal
ZRX08631,Super Value Plus
ZRX08633,Normal
ZRX08634,Value Plus
ZRX08643,Super Value Plus
ZRX08646,Normal
ZRX08649,Normal
ZRX08651,Normal
ZRX08658,Normal
ZRX08659,Super Value Plus
ZRX08667,Value Plus
ZRX08671,Standard
ZRX08680,Normal
ZRX08683,Normal
ZRX08684,Normal
ZRX08690,Normal
ZRX08695,Normal
ZRX08698,Normal
ZRX08703,Normal
ZRX08707,Super Value Plus
ZRX08709,Value Plus
ZRX08711,Normal
ZRX08716,Super Value Plus
ZRX08717,Normal
ZRX08718,Normal
ZRX08724,Normal
ZRX08725,Normal
ZRX08727,Value Plus
ZRX08728,Normal
ZRX08733,Value Plus
ZRX08734,Value Plus
ZRX08740,Normal
ZRX08764,Normal
ZRX08767,Normal
ZRX08775,Value
ZRX08778,Value
ZRX08784,Normal
ZRX08791,Normal
ZRX08794,Value Plus
ZRX08795,Normal
ZRX08797,Normal
ZRX08803,Super Value Plus
ZRX08807,Normal
ZRX08810,Value
ZRX08811,Normal
ZRX08813,Normal
ZRX08816,Super Value Plus
ZRX08833,Normal
ZRX08834,Value
ZRX08839,Normal
ZRX08842,Normal
ZRX08843,Super Value Plus
ZRX08846,Normal
ZRX08847,Super Value Plus
ZRX08848,Value Plus
ZRX08857,Super Value Plus
ZRX08859,Normal
ZRX08866,Normal
ZRX08878,Value Plus
ZRX08880,Value
ZRX08884,Normal
ZRX08888,Normal
ZRX08896,Value Plus
ZRX08901,Normal
ZRX08903,Value
ZRX08904,Value
ZRX08905,Normal
ZRX08915,Normal
ZRX08916,Normal
ZRX08919,Normal
ZRX08921,Standard
ZRX08924,Super Value Plus
ZRX08926,Normal
ZRX08930,Normal
ZRX08931,Normal
ZRX08932,Normal
ZRX08937,Value Plus
ZRX08942,Standard
ZRX08952,Normal
ZRX08957,Normal
ZRX08959,Normal
ZRX08966,Value Plus
ZRX08967,Normal
ZRX08969,Normal
ZRX08973,Normal
ZRX08976,Value Plus
ZRX08995,Value Plus
ZRX08998,Standard
ZRX09011,Super Value Plus
ZRX09013,Normal
ZRX09019,Normal
ZRX09023,Value Plus
ZRX09025,Normal
ZRX09032,Normal
ZRX09033,Normal
ZRX09037,Normal
ZRX09038,Normal
ZRX09055,Normal
ZRX09057,Normal
ZRX09059,Value Plus
ZRX09061,Normal
ZRX09066,Value Plus
ZRX09080,Standard
ZRX09087,Normal
ZRX09091,Normal
ZRX09094,Value Plus
ZRX09105,Normal
ZRX09106,Super Value Plus
ZRX09124,Normal
ZRX09128,Value Plus
ZRX09134,Super Value Plus
ZRX09144,Super Value Plus
ZRX09145,Standard
ZRX09147,Standard
ZRX09152,Super Value Plus
ZRX09172,Normal
ZRX09178,Value Plus
ZRX09181,Normal
ZRX09185,Normal
ZRX09187,Normal
ZRX09192,Normal
ZRX09194,Super Value Plus
ZRX09195,Value
ZRX09205,Normal
ZRX09206,Value Plus
ZRX09209,Normal
ZRX09233,Normal
ZRX09234,Value Plus
ZRX09237,Normal
ZRX09239,Normal
ZRX09246,Normal
ZRX09250,Normal
ZRX09251,Normal
ZRX09255,Normal
ZRX09256,Standard
ZRX09259,Standard
ZRX09265,Normal
ZRX09276,Normal
ZRX09277,Normal
ZRX09278,Normal
ZRX09279,Super Value Plus
ZRX09292,Normal
ZRX09305,Normal
ZRX09308,Normal
ZRX09309,Normal
ZRX09310,Normal
ZRX09314,Value Plus
ZRX09318,Normal
ZRX09319,Value Plus
ZRX09320,Normal
ZRX09323,Normal
ZRX09333,Value Plus
ZRX09336,Normal
ZRX09343,Value Plus
ZRX09347,Standard
ZRX09349,Normal
ZRX09354,Normal
ZRX09358,Normal
ZRX09359,Normal
ZRX09368,Value Plus
ZRX09372,Normal
ZRX09374,Normal
ZRX09379,Normal
ZRX09381,Normal
ZRX09383,Super Value Plus
ZRX09387,Normal
ZRX09395,Value Plus
ZRX09396,Value Plus
ZRX09398,Value Plus
ZRX09400,Value Plus
ZRX09405,Super Value Plus
ZRX09407,Standard
ZRX09416,Normal
ZRX09418,Normal
ZRX09428,Normal
ZRX09433,Normal
ZRX09439,Normal
ZRX09442,Value Plus
ZRX09444,Value Plus
ZRX09446,Value
ZRX09449,Normal
ZRX09453,Normal
ZRX09458,Value Plus
ZRX09459,Value
ZRX09466,Value Plus
ZRX09472,Value Plus
ZRX09474,Normal
ZRX09476,Normal
ZRX09479,Value Plus
ZRX09480,Normal
ZRX09485,Value Plus
ZRX09496,Normal
ZRX09500,Normal
ZRX09512,Standard
ZRX09514,Normal
ZRX09517,Normal
ZRX09519,Normal
ZRX09524,Normal
ZRX09527,Normal
ZRX09533,Super Value Plus
ZRX09534,Normal
ZRX09537,Normal
ZRX09540,Normal
ZRX09544,Normal
ZRX09550,Value Plus
ZRX09551,Value Plus
ZRX09553,Value Plus
ZRX09554,Normal
ZRX09561,Super Value Plus
ZRX09562,Super Value Plus
ZRX09564,Super Value Plus
ZRX09566,Super Value Plus
ZRX09570,Normal
ZRX09574,Value Plus
ZRX09576,Normal
ZRX09579,Normal
ZRX09580,Super Value Plus
ZRX09586,Normal
ZRX09591,Standard
ZRX09592,Value Plus
ZRX09595,Normal
ZRX09598,Value Plus
ZRX09603,Normal
ZRX09605,Normal
ZRX09612,Normal
ZRX09615,Super Value Plus
ZRX09616,Normal
ZRX09621,Normal
ZRX09622,Normal
ZRX09624,Normal
ZRX09628,Normal
ZRX09634,Value Plus
ZRX09640,Value
ZRX09644,Value Plus
ZRX09646,Value Plus
ZRX09653,Normal
ZRX09655,Normal
ZRX09659,Value Plus
ZRX09662,Super Value Plus
ZRX09663,Normal
ZRX09667,Super Value Plus
ZRX09669,Standard
ZRX09670,Super Value Plus
ZRX09676,Super Value Plus
ZRX09678,Super Value Plus
ZRX09679,Super Value Plus
ZRX09683,Normal
ZRX09687,Normal
ZRX09694,Normal
ZRX09696,Value Plus
ZRX09700,Super Value Plus
ZRX09707,Normal
ZRX09710,Normal
ZRX09715,Normal
ZRX09718,Normal
ZRX09726,Normal
ZRX09730,Value Plus
ZRX09733,Normal
ZRX09743,Normal
ZRX09744,Normal
ZRX09757,Standard
ZRX09760,Normal
ZRX09761,Normal
ZRX09763,Value Plus
ZRX09765,Value Plus
ZRX09774,Normal
ZRX09780,Super Value Plus
ZRX09783,Value Plus
ZRX09789,Normal
ZRX09791,Super Value Plus
ZRX09792,Value Plus
ZRX09799,Value Plus
ZRX09806,Normal
ZRX09812,Normal
ZRX09814,Value Plus
ZRX09827,Value Plus
ZRX09839,Normal
ZRX09842,Value Plus
ZRX09844,Value Plus
ZRX09846,Normal
ZRX09849,Normal
ZRX09850,Normal
ZRX09858,Normal
ZRX09860,Value Plus
ZRX09863,Normal
ZRX09871,Value Plus
ZRX09876,Normal
ZRX09878,Normal
ZRX09887,Value Plus
ZRX09890,Normal
ZRX09892,Normal
ZRX09906,Normal
ZRX09907,Normal
ZRX09909,Value
ZRX09913,Normal
ZRX09917,Standard
ZRX09921,Value Plus
ZRX09924,Normal
ZRX09928,Normal
ZRX09935,Value Plus
ZRX09939,Normal
ZRX09949,Normal
ZRX09955,Value Plus
ZRX09956,Normal
ZRX09957,Super Value Plus
ZRX09964,Value Plus
ZRX09965,Standard
ZRX09967,Value Plus
ZRX09981,Standard
ZRX09984,Normal
ZRX09987,Value Plus
ZRX09988,Normal
ZRX09992,Normal
ZRX09994,Value Plus
ZRX09995,Normal
ZRX09997,Normal
ZRX09999,Super Value Plus
ZRX10001,Value Plus
ZRX10002,Normal
ZRX10009,Standard
ZRX10010,Value Plus
ZRX10012,Super Value Plus
ZRX10013,Value
ZRX10027,Normal
ZRX10030,Normal
ZRX10032,Normal
ZRX10047,Normal
ZRX10048,Normal
ZRX10050,Normal
ZRX10051,Normal
ZRX10052,Normal
ZRX10053,Value Plus
ZRX10059,Super Value Plus
ZRX10065,Value Plus
ZRX10071,Super Value Plus
ZRX10076,Value Plus
ZRX10079,Normal
ZRX10090,Normal
ZRX10091,Normal
ZRX10092,Normal
ZRX10093,Normal
ZRX10098,Normal
ZRX10102,Value
ZRX10111,Super Value Plus
ZRX10112,Value Plus
ZRX10114,Normal
ZRX10128,Normal
ZRX10132,Standard
ZRX10133,Super Value Plus
ZRX10135,Normal
ZRX10143,Normal
ZRX10149,Normal
ZRX10152,Normal
ZRX10160,Normal
ZRX10162,Value Plus
ZRX10167,Normal
ZRX10170,Super Value Plus
ZRX10177,Normal
ZRX10182,Normal
ZRX10187,Value Plus
ZRX10190,Value Plus
ZRX10195,Normal
ZRX10197,Normal
ZRX10198,Super Value Plus
ZRX10199,Normal
ZRX10215,Value Plus
ZRX10216,Value Plus
ZRX10222,Value Plus
ZRX10225,Value
ZRX10226,Normal
ZRX10233,Normal
ZRX10237,Normal
ZRX10238,Value Plus
ZRX10246,Value Plus
ZRX10248,Normal
ZRX10253,Super Value Plus
ZRX10255,Value Plus
ZRX10258,Value Plus
ZRX10260,Normal
ZRX10269,Value Plus
ZRX10270,Value Plus
ZRX10271,Value Plus
ZRX10272,Value Plus
ZRX10277,Normal
ZRX10282,Normal
ZRX10286,Normal
ZRX10288,Normal
ZRX10289,Normal
ZRX10293,Normal
ZRX10294,Normal
ZRX10297,Value Plus
ZRX10306,Super Value Plus
ZRX10308,Super Value Plus
ZRX10317,Super Value Plus
ZRX10318,Normal
ZRX10319,Normal
ZRX10320,Normal
ZRX10321,Normal
ZRX10323,Normal
ZRX10325,Super Value Plus
ZRX10327,Normal
ZRX10329,Value Plus
ZRX10331,Normal
ZRX10333,Normal
ZRX10338,Normal
ZRX10339,Normal
ZRX10345,Super Value Plus
ZRX10349,Normal
ZRX10356,Normal
ZRX10357,Normal
ZRX10358,Normal
ZRX10360,Normal
ZRX10362,Super Value Plus
ZRX10368,Normal
ZRX10373,Normal
ZRX10377,Value Plus
ZRX10378,Normal
ZRX10379,Value Plus
ZRX10384,Normal
ZRX10386,Normal
ZRX10387,Normal
ZRX10390,Normal
ZRX10395,Value Plus
ZRX10401,Normal
ZRX10405,Super Value Plus
ZRX10408,Normal
ZRX10410,Value Plus
ZRX10417,Normal
ZRX10430,Value Plus
ZRX10439,Super Value Plus
ZRX10441,Value Plus
ZRX10446,Value Plus
ZRX10450,Standard
ZRX10461,Value Plus
ZRX10463,Value Plus
ZRX10465,Normal
ZRX10468,Standard
ZRX10471,Normal
ZRX10475,Value Plus
ZRX10478,Super Value Plus
ZRX10482,Normal
ZRX10491,Value Plus
ZRX10492,Value Plus
ZRX10494,Normal
ZRX10496,Normal
ZRX10497,Normal
ZRX10501,Standard
ZRX10503,Normal
ZRX10504,Value Plus
ZRX10526,Super Value Plus
ZRX10530,Value Plus
ZRX10532,Value Plus
ZRX10540,Normal
ZRX10545,Normal
ZRX10546,Normal
ZRX10549,Value Plus
ZRX10551,Super Value Plus
ZRX10555,Super Value Plus
ZRX10556,Normal
ZRX10559,Super Value Plus
ZRX10563,Value Plus
ZRX10564,Normal
ZRX10565,Normal
ZRX10566,Normal
ZRX10571,Super Value Plus
ZRX10585,Normal
ZRX10587,Normal
ZRX10588,Normal
ZRX10603,Value Plus
ZRX10610,Super Value Plus
ZRX10612,Value Plus
ZRX10623,Normal
ZRX10628,Super Value Plus
ZRX10634,Standard
ZRX10639,Normal
ZRX10644,Normal
ZRX10652,Value
ZRX10654,Normal
ZRX10658,Normal
ZRX10663,Normal
ZRX10664,Normal
ZRX10668,Normal
ZRX10670,Normal
ZRX10673,Normal
ZRX10679,Normal
ZRX10680,Normal
ZRX10681,Normal
ZRX10682,Standard
ZRX10685,Normal
ZRX10686,Normal
ZRX10690,Standard
ZRX10693,Normal
ZRX10694,Normal
ZRX10706,Value Plus
ZRX10707,Value Plus
ZRX10714,Value Plus
ZRX10716,Normal
ZRX10720,Value Plus
ZRX10723,Normal
ZRX10728,Normal
ZRX10729,Super Value Plus
ZRX10731,Normal
ZRX10739,Normal
ZRX10740,Normal
ZRX10743,Normal
ZRX10746,Normal
ZRX10749,Super Value Plus
ZRX10750,Value Plus
ZRX10755,Normal
ZRX10759,Super Value Plus
ZRX10765,Value
ZRX10766,Super Value Plus
ZRX10777,Normal
ZRX10780,Standard
ZRX10786,Normal
ZRX10788,Normal
ZRX10797,Value Plus
ZRX10798,Normal
ZRX10800,Value Plus
ZRX10821,Normal
ZRX10824,Value Plus
ZRX10827,Value
ZRX10829,Normal
ZRX10830,Normal
ZRX10832,Normal
ZRX10839,Normal
ZRX10860,Value Plus
ZRX10864,Normal
ZRX10872,Normal
ZRX10876,Normal
ZRX10878,Normal
ZRX10879,Super Value Plus
ZRX10884,Normal
ZRX10893,Normal
ZRX10898,Value Plus
ZRX10900,Normal
ZRX10908,Normal
ZRX10918,Value Plus
ZRX10922,Normal
ZRX10931,Super Value Plus
ZRX10932,Normal
ZRX10936,Normal
ZRX10937,Standard
ZRX10948,Normal
ZRX10951,Normal
ZRX10952,Value Plus
ZRX10955,Normal
ZRX10959,Super Value Plus
ZRX10960,Normal
ZRX10966,Value Plus
ZRX10970,Normal
ZRX10975,Normal
ZRX10979,Value Plus
ZRX10982,Standard
ZRX10995,Normal
ZRX10996,Normal
ZRX11007,Value Plus
ZRX11008,Normal
ZRX11013,Value Plus
ZRX11021,Normal
ZRX11022,Normal
ZRX11024,Normal
ZRX11025,Value Plus
ZRX11027,Value Plus
ZRX11031,Normal
ZRX11035,Value Plus
ZRX11036,Normal
ZRX11037,Normal
ZRX11038,Value Plus
ZRX11039,Normal
ZRX11047,Normal
ZRX11055,Value Plus
ZRX11061,Value Plus
ZRX11063,Normal
ZRX11065,Value Plus
ZRX11074,Value Plus
ZRX11078,Value Plus
ZRX11086,Normal
ZRX11090,Value Plus
ZRX11091,Value Plus
ZRX11094,Normal
ZRX11110,Value Plus
ZRX11113,Value Plus
ZRX11125,Normal
ZRX11135,Normal
ZRX11136,Value Plus
ZRX11141,Value Plus
ZRX11145,Super Value Plus
ZRX11150,Normal
ZRX11156,Value Plus
ZRX11157,Value Plus
ZRX11159,Value Plus
ZRX11160,Super Value Plus
ZRX11162,Normal
ZRX11164,Value Plus
ZRX11165,Value Plus
ZRX11169,Normal
ZRX11181,Normal
ZRX11184,Normal
ZRX11190,Normal
ZRX11195,Normal
ZRX11199,Value
ZRX11202,Value Plus
ZRX11204,Standard
ZRX11219,Value Plus
ZRX11223,Normal
ZRX11227,Normal
ZRX11232,Normal
ZRX11235,Normal
ZRX11246,Value Plus
ZRX11248,Normal
ZRX11250,Super Value Plus
ZRX11253,Super Value Plus
ZRX11271,Normal
ZRX11275,Normal
ZRX11281,Normal
ZRX11286,Normal
ZRX11287,Normal
ZRX11292,Value Plus
ZRX11296,Normal
ZRX11297,Value Plus
ZRX11303,Value Plus
ZRX11305,Standard
ZRX11313,Value Plus
ZRX11319,Value Plus
ZRX11330,Super Value Plus
ZRX11334,Standard
ZRX11338,Normal
ZRX11340,Normal
ZRX11351,Value Plus
ZRX11361,Value
ZRX11366,Standard
ZRX11369,Normal
ZRX11370,Value Plus
ZRX11371,Normal
ZRX11382,Normal
ZRX11388,Normal
ZRX11390,Value Plus
ZRX11391,Normal
ZRX11397,Super Value Plus
ZRX11400,Normal
ZRX11403,Normal
ZRX11406,Normal
ZRX11407,Value Plus
ZRX11410,Normal
ZRX11411,Standard
ZRX11418,Normal
ZRX11420,Normal
ZRX11424,Super Value Plus
ZRX11428,Normal
ZRX11431,Standard
ZRX11436,Value
ZRX11450,Super Value Plus
ZRX11453,Normal
ZRX11455,Normal
ZRX11457,Normal
ZRX11460,Normal
ZRX11462,Normal
ZRX11485,Normal
ZRX11487,Normal
ZRX11489,Super Value Plus
ZRX11497,Normal
ZRX11498,Standard
ZRX11508,Value Plus
ZRX11512,Value
ZRX11518,Normal
ZRX11524,Value Plus
ZRX11534,Normal
ZRX11535,Normal
ZRX11536,Value Plus
ZRX11538,Normal
ZRX11541,Normal
ZRX11549,Super Value Plus
ZRX11551,Super Value Plus
ZRX11555,Normal
ZRX11557,Value Plus
ZRX11561,Value
ZRX11562,Normal
ZRX11567,Standard
ZRX11572,Normal
ZRX11574,Normal
ZRX11576,Value Plus
ZRX11577,Normal
ZRX11585,Super Value Plus
ZRX11586,Super Value Plus
ZRX11587,Normal
ZRX11588,Standard
ZRX11589,Value Plus
ZRX11591,Normal
ZRX11593,Super Value Plus
ZRX11595,Value Plus
ZRX11607,Normal
ZRX11609,Super Value Plus
ZRX11611,Normal
ZRX11630,Normal
ZRX11631,Value
ZRX11633,Super Value Plus
ZRX11637,Value Plus
ZRX11638,Normal
ZRX11639,Normal
ZRX11640,Normal
ZRX11649,Super Value Plus
ZRX11656,Value Plus
ZRX11660,Normal
ZRX11661,Value Plus
ZRX11662,Value Plus
ZRX11666,Normal
ZRX11667,Super Value Plus
ZRX11669,Value
ZRX11676,Super Value Plus
ZRX11689,Super Value Plus
ZRX11697,Normal
ZRX11699,Value Plus
ZRX11700,Super Value Plus
ZRX11701,Value Plus
ZRX11702,Super Value Plus
ZRX11705,Normal
ZRX11712,Normal
ZRX11715,Normal
ZRX11718,Normal
ZRX11725,Value
ZRX11735,Normal
ZRX11739,Normal
ZRX11745,Value Plus
ZRX11750,Normal
ZRX11756,Normal
ZRX11760,Value Plus
ZRX11763,Normal
ZRX11764,Super Value Plus
ZRX11766,Normal
ZRX11767,Value Plus
ZRX11772,Normal
ZRX11775,Normal
ZRX11781,Value Plus
ZRX11786,Normal
ZRX11792,Normal
ZRX11795,Normal
ZRX11796,Super Value Plus
ZRX11797,Normal
ZRX11800,Normal
ZRX11805,Super Value Plus
ZRX11814,Value Plus
ZRX11819,Value Plus
ZRX11821,Super Value Plus
ZRX11822,Normal
ZRX11823,Normal
ZRX11827,Value Plus
ZRX11831,Normal
ZRX11834,Standard
ZRX11840,Normal
ZRX11845,Super Value Plus
ZRX11846,Normal
ZRX11848,Normal
ZRX11850,Normal
ZRX11859,Super Value Plus
ZRX11862,Normal
ZRX11864,Normal
ZRX11867,Value Plus
ZRX11873,Value Plus
ZRX11875,Normal
ZRX11880,Normal
ZRX11892,Value Plus
ZRX11899,Normal
ZRX11900,Normal
ZRX11904,Super Value Plus
ZRX11908,Value Plus
ZRX11910,Normal
ZRX11913,Normal
ZRX11920,Normal
ZRX11921,Super Value Plus
ZRX11922,Value Plus
ZRX11925,Normal
ZRX11929,Normal
ZRX11930,Normal
ZRX11942,Normal
ZRX11948,Value Plus
ZRX11949,Standard
ZRX11950,Normal
ZRX11955,Value Plus
ZRX11959,Normal
ZRX11966,Normal
ZRX11967,Normal
ZRX11970,Value Plus
ZRX11975,Normal
ZRX11977,Normal
ZRX11981,Value Plus
ZRX11982,Normal
ZRX11984,Value Plus
ZRX12001,Super Value Plus
ZRX12005,Normal
ZRX12018,Super Value Plus
ZRX12020,Standard
ZRX12031,Value Plus
ZRX12038,Value Plus
ZRX12048,Super Value Plus
ZRX12049,Super Value Plus
ZRX12051,Normal
ZRX12054,Value Plus
ZRX12056,Value Plus
ZRX12059,Normal
ZRX12060,Normal
ZRX12062,Value Plus
ZRX12063,Normal
ZRX12069,Normal
ZRX12072,Standard
ZRX12075,Normal
ZRX12076,Normal
ZRX12089,Value Plus
ZRX12092,Value Plus
ZRX12096,Normal
ZRX12098,Normal
ZRX12105,Value Plus
ZRX12108,Value
ZRX12110,Super Value Plus
ZRX12113,Value Plus
ZRX12114,Normal
ZRX12115,Value Plus
ZRX12116,Value Plus
ZRX12119,Normal
ZRX12121,Super Value Plus
ZRX12131,Normal
ZRX12134,Value Plus
ZRX12136,Value Plus
ZRX12140,Normal
ZRX12141,Normal
ZRX12143,Normal
ZRX12144,Value Plus
ZRX12146,Normal
ZRX12148,Standard
ZRX12149,Value Plus
ZRX12150,Value Plus
ZRX12153,Super Value Plus
ZRX12160,Normal
ZRX12163,Super Value Plus
ZRX12168,Normal
ZRX12170,Value Plus
ZRX12171,Normal
ZRX12173,Normal
ZRX12176,Normal
ZRX12181,Value Plus
ZRX12183,Normal
ZRX12193,Normal
ZRX12196,Value Plus
ZRX12211,Super Value Plus
ZRX12214,Value Plus
ZRX12217,Normal
ZRX12220,Standard
ZRX12226,Normal
ZRX12232,Value Plus
ZRX12233,Value Plus
ZRX12238,Value Plus
ZRX12243,Normal
ZRX12246,Value Plus
ZRX12250,Normal
ZRX12256,Standard
ZRX12262,Normal
ZRX12267,Normal
ZRX12270,Normal
ZRX12277,Value Plus
ZRX12285,Normal
ZRX12289,Normal
ZRX12296,Value
ZRX12297,Normal
ZRX12303,Standard
ZRX12306,Normal
ZRX12307,Normal
ZRX12308,Value Plus
ZRX12310,Normal
ZRX12314,Super Value Plus
ZRX12315,Value Plus
ZRX12318,Value Plus
ZRX12322,Normal
ZRX12329,Normal
ZRX12332,Value Plus
ZRX12343,Normal
ZRX12350,Value Plus
ZRX12352,Value Plus
ZRX12353,Normal
ZRX12354,Normal
ZRX12357,Value Plus
ZRX12362,Normal
ZRX12365,Normal
ZRX12366,Super Value Plus
ZRX12368,Value Plus
ZRX12377,Normal
ZRX12379,Normal
ZRX12381,Value Plus
ZRX12382,Value Plus
ZRX12385,Super Value Plus
ZRX12389,Value Plus
ZRX12392,Value Plus
ZRX12394,Normal
ZRX12397,Normal
ZRX12398,Normal
ZRX12410,Normal
ZRX12413,Super Value Plus
ZRX12414,Normal
ZRX12420,Normal
ZRX12425,Normal
ZRX12430,Super Value Plus
ZRX12431,Value Plus
ZRX12433,Normal
ZRX12447,Normal
ZRX12448,Value Plus
ZRX12449,Value Plus
ZRX12450,Super Value Plus
ZRX12451,Normal
ZRX12454,Normal
ZRX12456,Normal
ZRX12458,Value Plus
ZRX12459,Super Value Plus
ZRX12460,Normal
ZRX12474,Normal
ZRX12477,Standard
ZRX12479,Value
ZRX12482,Normal
ZRX12483,Super Value Plus
ZRX12489,Super Value Plus
ZRX12491,Normal
ZRX12495,Normal
ZRX12500,Normal
ZRX12501,Super Value Plus
ZRX12503,Normal
ZRX12504,Normal
ZRX12512,Normal
ZRX12514,Normal
ZRX12515,Value
ZRX12522,Normal
ZRX12523,Value Plus
ZRX12524,Value Plus
ZRX12533,Normal
ZRX12544,Normal
ZRX12549,Standard
ZRX12552,Standard
ZRX12558,Normal
ZRX12566,Normal
ZRX12569,Normal
ZRX12579,Normal
ZRX12582,Normal
ZRX12583,Value
ZRX12588,Normal
ZRX12593,Value Plus
ZRX12594,Normal
ZRX12595,Value Plus
ZRX12602,Normal
ZRX12610,Normal
ZRX12616,Super Value Plus
ZRX12619,Normal
ZRX12621,Value Plus
ZRX12624,Normal
ZRX12633,Normal
ZRX12634,Value Plus
ZRX12642,Normal
ZRX12650,Normal
ZRX12652,Super Value Plus
ZRX12654,Normal
ZRX12660,Value Plus
ZRX12661,Normal
ZRX12670,Value Plus
ZRX12677,Super Value Plus
ZRX12682,Normal
ZRX12684,Normal
ZRX12685,Normal
ZRX12689,Value Plus
ZRX12691,Value Plus
ZRX12693,Normal
ZRX12696,Super Value Plus
ZRX12701,Value Plus
ZRX12704,Value Plus
ZRX12705,Value Plus
ZRX12714,Normal
ZRX12717,Value Plus
ZRX12725,Value Plus
ZRX12729,Normal
ZRX12736,Value Plus
ZRX12740,Normal
ZRX12743,Super Value Plus
ZRX12749,Normal
ZRX12751,Normal
ZRX12753,Normal
ZRX12755,Value Plus
ZRX12756,Normal
ZRX12763,Normal
ZRX12769,Normal
ZRX12770,Super Value Plus
ZRX12772,Value Plus
ZRX12775,Normal
ZRX12780,Normal
ZRX12784,Normal
ZRX12788,Normal
ZRX12791,Value Plus
ZRX12792,Super Value Plus
ZRX12806,Normal
ZRX12809,Normal
ZRX12815,Standard
ZRX12817,Standard
ZRX12821,Normal
ZRX12822,Value Plus
ZRX12829,Normal
ZRX12833,Super Value Plus
ZRX12836,Normal
ZRX12839,Value Plus
ZRX12841,Normal
ZRX12844,Value Plus
ZRX12850,Normal
ZRX12855,Normal
ZRX12856,Normal
ZRX12859,Value Plus
ZRX12860,Super Value Plus
ZRX12863,Normal
ZRX12869,Normal
ZRX12873,Super Value Plus
ZRX12875,Normal
ZRX12878,Normal
ZRX12895,Normal
ZRX12898,Value Plus
ZRX12900,Normal
ZRX12901,Super Value Plus
ZRX12904,Normal
ZRX12908,Super Value Plus
ZRX12914,Normal
ZRX12923,Super Value Plus
ZRX12939,Normal
ZRX12941,Normal
ZRX12944,Value Plus
ZRX12948,Normal
ZRX12951,Normal
ZRX12953,Value Plus
ZRX12966,Normal
ZRX12984,Normal
ZRX12987,Super Value Plus
ZRX12988,Normal
ZRX12992,Value Plus
ZRX12995,Normal
ZRX12997,Normal
ZRX12998,Value Plus
ZRX13001,Value Plus
ZRX13005,Super Value Plus
ZRX13006,Normal
ZRX13020,Value Plus
ZRX13022,Normal
ZRX13024,Super Value Plus
ZRX13025,Normal
ZRX13026,Normal
ZRX13033,Standard
ZRX13034,Normal
ZRX13040,Super Value Plus
ZRX13043,Normal
ZRX13046,Normal
ZRX13047,Value Plus
ZRX13048,Standard
ZRX13049,Normal
ZRX13052,Normal
ZRX13061,Normal
ZRX13063,Normal
ZRX13064,Normal
ZRX13068,Value Plus
ZRX13076,Value Plus
ZRX13077,Super Value Plus
ZRX13078,Super Value Plus
ZRX13079,Super Value Plus
ZRX13082,Normal
ZRX13087,Normal
ZRX13088,Value
ZRX13095,Super Value Plus
ZRX13097,Normal
ZRX13101,Normal
ZRX13104,Normal
ZRX13106,Normal
ZRX13107,Super Value Plus
ZRX13108,Value Plus
ZRX13111,Super Value Plus
ZRX13113,Normal
ZRX13120,Value Plus
ZRX13123,Normal
ZRX13134,Normal
ZRX13135,Normal
ZRX13136,Normal
ZRX13140,Normal
ZRX13144,Value
ZRX13148,Value Plus
ZRX13155,Normal
ZRX13171,Value
ZRX13173,Value Plus
ZRX13186,Normal
ZRX13190,Super Value Plus
ZRX13196,Value Plus
ZRX13199,Normal
ZRX13206,Value Plus
ZRX13208,Normal
ZRX13210,Value Plus
ZRX13211,Normal
ZRX13212,Value Plus
ZRX13214,Super Value Plus
ZRX13217,Value
ZRX13226,Standard
ZRX13237,Normal
ZRX13240,Super Value Plus
ZRX13241,Normal
ZRX13243,Normal
ZRX13247,Normal
ZRX13248,Super Value Plus
ZRX13251,Normal
ZRX13255,Value Plus
ZRX13257,Normal
ZRX13262,Standard
ZRX13263,Value Plus
ZRX13273,Value
ZRX13275,Super Value Plus
ZRX13277,Normal
ZRX13278,Normal
ZRX13281,Normal
ZRX13289,Super Value Plus
ZRX13292,Value Plus
ZRX13295,Normal
ZRX13303,Normal
ZRX13307,Normal
ZRX13308,Value Plus
ZRX13310,Normal
ZRX13315,Normal
ZRX13318,Normal
ZRX13323,Normal
ZRX13330,Value Plus
ZRX13337,Normal
ZRX13340,Normal
ZRX13343,Normal
ZRX13350,Standard
ZRX13353,Super Value Plus
ZRX13356,Normal
ZRX13360,Value Plus
ZRX13365,Super Value Plus
ZRX13370,Super Value Plus
ZRX13378,Normal
ZRX13379,Normal
ZRX13393,Normal
ZRX13394,Value Plus
ZRX13397,Value Plus
ZRX13400,Normal
ZRX13404,Value
ZRX13406,Normal
ZRX13407,Super Value Plus
ZRX13417,Normal
ZRX13431,Value Plus
ZRX13432,Super Value Plus
ZRX13433,Normal
ZRX13446,Normal
ZRX13455,Value Plus
ZRX13468,Normal
ZRX13470,Normal
ZRX13471,Standard
ZRX13477,Normal
ZRX13484,Normal
ZRX13495,Value Plus
ZRX13497,Super Value Plus
ZRX13500,Normal
ZRX13513,Value Plus
ZRX13517,Value Plus
ZRX13519,Normal
ZRX13523,Normal
ZRX13526,Normal
ZRX13527,Value Plus
ZRX13529,Super Value Plus
ZRX13534,Normal
ZRX13535,Value Plus
ZRX13537,Normal
ZRX13540,Normal
ZRX13541,Value Plus
ZRX13542,Super Value Plus
ZRX13557,Normal
ZRX13558,Value Plus
ZRX13560,Normal
ZRX13566,Normal
ZRX13573,Normal
ZRX13575,Normal
ZRX13582,Normal
ZRX13585,Value Plus
ZRX13598,Super Value Plus
ZRX13602,Value Plus
ZRX13627,Normal
ZRX13630,Normal
ZRX13631,Super Value Plus
ZRX13635,Super Value Plus
ZRX13641,Super Value Plus
ZRX13651,Normal
ZRX13655,Standard
ZRX13665,Value Plus
ZRX13668,Normal
ZRX13677,Normal
ZRX13687,Value Plus
ZRX13688,Normal
ZRX13696,Normal
ZRX13699,Value Plus
ZRX13702,Standard
ZRX13703,Normal
ZRX13704,Normal
ZRX13710,Normal
ZRX13711,Value Plus
ZRX13720,Value
ZRX13723,Normal
ZRX13724,Normal
ZRX13726,Super Value Plus
ZRX13727,Value Plus
ZRX13728,Normal
ZRX13739,Super Value Plus
ZRX13748,Value Plus
ZRX13761,Normal
ZRX13763,Value Plus
ZRX13768,Super Value Plus
ZRX13773,Value Plus
ZRX13776,Standard
ZRX13780,Normal
ZRX13786,Normal
ZRX13788,Normal
ZRX13803,Value Plus
ZRX13811,Value Plus
ZRX13813,Normal
ZRX13821,Normal
ZRX13823,Normal
ZRX13824,Normal
ZRX13828,Value Plus
ZRX13831,Normal
ZRX13834,Normal
ZRX13837,Normal
ZRX13838,Value Plus
ZRX13839,Value Plus
ZRX13844,Normal
ZRX13847,Normal
ZRX13848,Value Plus
ZRX13852,Normal
ZRX13853,Value Plus
ZRX13854,Normal
ZRX13862,Normal
ZRX13864,Super Value Plus
ZRX13865,Normal
ZRX13869,Normal
ZRX13872,Normal
ZRX13873,Super Value Plus
ZRX13875,Value Plus
ZRX13883,Normal
ZRX13884,Normal
ZRX13891,Super Value Plus
ZRX13895,Normal
ZRX13900,Normal
ZRX13907,Super Value Plus
ZRX13908,Normal
ZRX13910,Value Plus
ZRX13911,Standard
ZRX13914,Normal
ZRX13919,Super Value Plus
ZRX13920,Normal
ZRX13925,Value Plus
ZRX13931,Super Value Plus
ZRX13935,Value Plus
ZRX13937,Normal
ZRX13938,Standard
ZRX13941,Normal
ZRX13943,Value
ZRX13944,Normal
ZRX13946,Value Plus
ZRX13948,Normal
ZRX13949,Normal
ZRX13953,Value Plus
ZRX13957,Super Value Plus
ZRX13959,Value Plus
ZRX13961,Value
ZRX13963,Normal
ZRX13976,Normal
ZRX13984,Normal
ZRX13989,Normal
ZRX13999,Normal
ZRX14001,Standard
ZRX14004,Normal
ZRX14006,Value Plus
ZRX14013,Normal
ZRX14015,Normal
ZRX14017,Normal
ZRX14022,Normal
ZRX14024,Super Value Plus
ZRX14025,Normal
ZRX14041,Normal
ZRX14042,Normal
ZRX14045,Normal
ZRX14058,Value Plus
ZRX14062,Normal
ZRX14066,Normal
ZRX14069,Normal
ZRX14071,Value Plus
ZRX14072,Super Value Plus
ZRX14080,Super Value Plus
ZRX14087,Value Plus
ZRX14088,Value Plus
ZRX14096,Normal
ZRX14098,Normal
ZRX14107,Normal
ZRX14109,Normal
ZRX14112,Value Plus
ZRX14117,Normal
ZRX14122,Normal
ZRX14129,Normal
ZRX14132,Super Value Plus
ZRX14139,Normal
ZRX14153,Super Value Plus
ZRX14159,Normal
ZRX14164,Value Plus
ZRX14167,Value Plus
ZRX14168,Value Plus
ZRX14169,Value Plus
ZRX14173,Normal
ZRX14185,Value Plus
ZRX14189,Normal
ZRX14190,Normal
ZRX14197,Value Plus
ZRX14202,Normal
ZRX14213,Normal
ZRX14214,Value Plus
ZRX14217,Value Plus
ZRX14219,Super Value Plus
ZRX14231,Super Value Plus
ZRX14236,Value
ZRX14237,Super Value Plus
ZRX14238,Normal
ZRX14243,Normal
ZRX14244,Value
ZRX14245,Normal
ZRX14246,Super Value Plus
ZRX14248,Value Plus
ZRX14249,Normal
ZRX14251,Super Value Plus
ZRX14254,Normal
ZRX14256,Value Plus
ZRX14260,Value Plus
ZRX14261,Super Value Plus
ZRX14262,Value Plus
ZRX14263,Normal
ZRX14266,Normal
ZRX14269,Standard
ZRX14271,Super Value Plus
ZRX14273,Value
ZRX14274,Normal
ZRX14284,Super Value Plus
ZRX14286,Normal
ZRX14288,Normal
ZRX14291,Normal
ZRX14294,Value Plus
ZRX14296,Normal
ZRX14297,Super Value Plus
ZRX14314,Value Plus
ZRX14317,Value Plus
ZRX14318,Value Plus
ZRX14324,Value Plus
ZRX14325,Normal
ZRX14333,Value Plus
ZRX14339,Value Plus
ZRX14343,Normal
ZRX14348,Super Value Plus
ZRX14354,Standard
ZRX14359,Normal
ZRX14376,Normal
ZRX14378,Normal
ZRX14379,Standard
ZRX14380,Normal
ZRX14385,Value Plus
ZRX14387,Super Value Plus
ZRX14391,Normal
ZRX14392,Normal
ZRX14396,Normal
ZRX14397,Normal
ZRX14398,Value Plus
ZRX14400,Value Plus
ZRX14414,Normal
ZRX14420,Super Value Plus
ZRX14423,Value Plus
ZRX14432,Super Value Plus
ZRX14436,Value Plus
ZRX14439,Normal
ZRX14440,Normal
ZRX14442,Value Plus
ZRX14447,Value Plus
ZRX14448,Value Plus
ZRX14449,Normal
ZRX14452,Normal
ZRX14460,Value Plus
ZRX14463,Normal
ZRX14464,Value Plus
ZRX14467,Normal
ZRX14468,Normal
ZRX14469,Value Plus
ZRX14476,Normal
ZRX14481,Normal
ZRX14484,Super Value Plus
ZRX14488,Value Plus
ZRX14489,Normal
ZRX14491,Normal
ZRX14497,Value Plus
ZRX14498,Normal
ZRX14500,Normal
ZRX14503,Normal
ZRX14504,Super Value Plus
ZRX14505,Normal
ZRX14506,Value Plus
ZRX14511,Normal
ZRX14513,Normal
ZRX14516,Value Plus
ZRX14524,Super Value Plus
ZRX14529,Normal
ZRX14530,Normal
ZRX14533,Super Value Plus
ZRX14538,Normal
ZRX14540,Normal
ZRX14541,Normal
ZRX14543,Normal
ZRX14547,Normal
ZRX14552,Value Plus
ZRX14559,Normal
ZRX14560,Value Plus
ZRX14564,Normal
ZRX14565,Value Plus
ZRX14568,Standard
ZRX14570,Value Plus
ZRX14577,Normal
ZRX14578,Super Value Plus
ZRX14581,Normal
ZRX14582,Value Plus
ZRX14583,Super Value Plus
ZRX14584,Normal
ZRX14585,Value Plus
ZRX14594,Normal
ZRX14596,Normal
ZRX14602,Normal
ZRX14603,Standard
ZRX14604,Standard
ZRX14611,Normal
ZRX14620,Value Plus
ZRX14626,Normal
ZRX14627,Normal
ZRX14634,Super Value Plus
ZRX14638,Value Plus
ZRX14645,Value Plus
ZRX14649,Normal
ZRX14650,Value Plus
ZRX14654,Value Plus
ZRX14655,Value
ZRX14657,Value Plus
ZRX14660,Value
ZRX14662,Normal
ZRX14664,Super Value Plus
ZRX14668,Value Plus
ZRX14669,Normal
ZRX14672,Value Plus
ZRX14680,Normal
ZRX14685,Value Plus
ZRX14686,Normal
ZRX14688,Value Plus
ZRX14691,Value
ZRX14698,Normal
ZRX14699,Normal
ZRX14702,Normal
ZRX14705,Value Plus
ZRX14711,Standard
ZRX14717,Super Value Plus
ZRX14719,Value Plus
ZRX14723,Value
ZRX14726,Normal
ZRX14727,Normal
ZRX14734,Super Value Plus
ZRX14736,Value
ZRX14737,Normal
ZRX14738,Value Plus
ZRX14740,Super Value Plus
ZRX14741,Value Plus
ZRX14743,Normal
ZRX14745,Normal
ZRX14748,Normal
ZRX14749,Normal
ZRX14751,Normal
ZRX14754,Super Value Plus
ZRX14756,Super Value Plus
ZRX14757,Normal
ZRX14758,Super Value Plus
ZRX14769,Normal
ZRX14771,Normal
ZRX14774,Value Plus
ZRX14776,Standard
ZRX14778,Standard
ZRX14779,Standard
ZRX14782,Normal
ZRX14785,Normal
ZRX14790,Value Plus
ZRX14792,Value Plus
ZRX14793,Normal
ZRX14802,Normal
ZRX14808,Normal
ZRX14812,Value
ZRX14817,Normal
ZRX14821,Normal
ZRX14833,Normal
ZRX14834,Super Value Plus
ZRX14835,Value Plus
ZRX14837,Value
ZRX14841,Normal
ZRX14842,Normal
ZRX14844,Standard
ZRX14857,Super Value Plus
ZRX14858,Normal
ZRX14860,Normal
ZRX14862,Value
ZRX14867,Normal
ZRX14868,Value Plus
ZRX14869,Value
ZRX14876,Value Plus
ZRX14881,Normal
ZRX14886,Normal
ZRX14891,Normal
ZRX14905,Value Plus
ZRX14906,Normal
ZRX14908,Normal
ZRX14915,Value
ZRX14920,Value Plus
ZRX14922,Normal
ZRX14930,Value Plus
ZRX14931,Normal
ZRX14932,Normal
ZRX14934,Value Plus
ZRX14939,Super Value Plus
ZRX14944,Value Plus
ZRX14945,Super Value Plus
ZRX14948,Normal
ZRX14951,Normal
ZRX14958,Normal
ZRX14965,Value Plus
ZRX14966,Super Value Plus
ZRX14972,Value Plus
ZRX14973,Value Plus
ZRX14974,Value Plus
ZRX14976,Normal
ZRX14977,Normal
ZRX14983,Super Value Plus
ZRX14984,Standard
ZRX14989,Super Value Plus
ZRX14991,Normal
ZRX14995,Normal
ZRX15005,Value Plus
ZRX15008,Super Value Plus
ZRX15009,Normal
ZRX15010,Normal
ZRX15012,Normal
ZRX15021,Super Value Plus
ZRX15028,Value Plus
ZRX15037,Normal
ZRX15044,Normal
ZRX15045,Value Plus
ZRX15049,Normal
ZRX15051,Value Plus
ZRX15053,Super Value Plus
ZRX15055,Value Plus
ZRX15056,Normal
ZRX15059,Normal
ZRX15066,Value Plus
ZRX15072,Normal
ZRX15075,Normal
ZRX15082,Normal
ZRX15086,Value Plus
ZRX15088,Normal
ZRX15089,Value Plus
ZRX15107,Super Value Plus
ZRX15115,Normal
ZRX15118,Normal
ZRX15126,Normal
ZRX15134,Normal
ZRX15137,Value Plus
ZRX15138,Super Value Plus
ZRX15140,Value Plus
ZRX15141,Value Plus
ZRX15152,Value Plus
ZRX15154,Value Plus
ZRX15156,Value Plus
ZRX15157,Normal
ZRX15161,Value Plus
ZRX15162,Normal
ZRX15163,Normal
ZRX15170,Normal
ZRX15172,Standard
ZRX15176,Normal
ZRX15177,Normal
ZRX15188,Super Value Plus
ZRX15189,Super Value Plus
ZRX15191,Standard
ZRX15192,Value
ZRX15198,Value Plus
ZRX15217,Normal
ZRX15219,Value Plus
ZRX15223,Normal
ZRX15226,Value Plus
ZRX15227,Super Value Plus
ZRX15228,Value Plus
ZRX15233,Value Plus
ZRX15238,Normal
ZRX15241,Value
ZRX15252,Normal
ZRX15255,Value Plus
ZRX15261,Normal
ZRX15263,Value Plus
ZRX15265,Normal
ZRX15266,Super Value Plus
ZRX15267,Normal
ZRX15269,Value Plus
ZRX15274,Super Value Plus
ZRX15279,Super Value Plus
ZRX15281,Normal
ZRX15284,Value Plus
ZRX15287,Normal
ZRX15297,Value Plus
ZRX15299,Value Plus
ZRX15303,Value Plus
ZRX15310,Normal
ZRX15311,Normal
ZRX15314,Normal
ZRX15319,Normal
ZRX15324,Value Plus
ZRX15337,Super Value Plus
ZRX15340,Normal
ZRX15348,Normal
ZRX15349,Value Plus
ZRX15358,Normal
ZRX15361,Value Plus
ZRX15367,Value
ZRX15368,Value
ZRX15373,Value Plus
ZRX15381,Normal
ZRX15389,Value Plus
ZRX15390,Super Value Plus
ZRX15391,Standard
ZRX15392,Value Plus
ZRX15406,Value Plus
ZRX15407,Value Plus
ZRX15408,Normal
ZRX15409,Normal
ZRX15412,Super Value Plus
ZRX15414,Normal
ZRX15418,Normal
ZRX15438,Normal
ZRX15440,Value Plus
ZRX15441,Value Plus
ZRX15450,Standard
ZRX15451,Super Value Plus
ZRX15461,Normal
ZRX15469,Value Plus
ZRX15472,Normal
ZRX15475,Normal
ZRX15476,Normal
ZRX15477,Normal
ZRX15483,Normal
ZRX15488,Standard
ZRX15490,Normal
ZRX15494,Normal
ZRX15501,Normal
ZRX15502,Normal
ZRX15507,Super Value Plus
ZRX15510,Value Plus
ZRX15514,Normal
ZRX15517,Normal
ZRX15525,Super Value Plus
ZRX15528,Normal
ZRX15538,Value Plus
ZRX15539,Value Plus
ZRX15542,Super Value Plus
ZRX15543,Super Value Plus
ZRX15544,Normal
ZRX15547,Normal
ZRX15548,Normal
ZRX15556,Super Value Plus
ZRX15566,Super Value Plus
ZRX15571,Normal
ZRX15573,Value Plus
ZRX15575,Super Value Plus
ZRX15577,Value Plus
ZRX15586,Standard
ZRX15589,Super Value Plus
ZRX15591,Value Plus
ZRX15594,Normal
ZRX15600,Value Plus
ZRX15605,Normal
ZRX15606,Normal
ZRX15607,Value Plus
ZRX15610,Value Plus
ZRX15620,Value Plus
ZRX15621,Normal
ZRX15625,Standard
ZRX15626,Normal
ZRX15629,Normal
ZRX15637,Normal
ZRX15639,Super Value Plus
ZRX15644,Normal
ZRX15646,Standard
ZRX15648,Value Plus
ZRX15649,Normal
ZRX15650,Normal
ZRX15667,Value Plus
ZRX15671,Standard
ZRX15678,Value Plus
ZRX15679,Value Plus
ZRX15681,Normal
ZRX15684,Normal
ZRX15685,Normal
ZRX15690,Normal
ZRX15691,Value Plus
ZRX15693,Normal
ZRX15695,Normal
ZRX15699,Normal
ZRX15701,Value
ZRX15705,Super Value Plus
ZRX15711,Normal
ZRX15714,Normal
ZRX15715,Normal
ZRX15716,Value
ZRX15722,Super Value Plus
ZRX15724,Normal
ZRX15729,Super Value Plus
ZRX15733,Normal
ZRX15734,Super Value Plus
ZRX15739,Normal
ZRX15744,Standard
ZRX15748,Normal
ZRX15749,Super Value Plus
ZRX15750,Super Value Plus
ZRX15752,Super Value Plus
ZRX15759,Normal
ZRX15761,Normal
ZRX15765,Normal
ZRX15768,Super Value Plus
ZRX15773,Normal
ZRX15774,Standard
ZRX15778,Normal
ZRX15780,Normal
ZRX15784,Standard
ZRX15797,Value Plus
ZRX15800,Super Value Plus
ZRX15801,Normal
ZRX15809,Normal
ZRX15812,Normal
ZRX15814,Value Plus
ZRX15815,Normal
ZRX15822,Value Plus
ZRX15824,Super Value Plus
ZRX15829,Super Value Plus
ZRX15837,Value Plus
ZRX15842,Normal
ZRX15846,Normal
ZRX15849,Normal
ZRX15851,Normal
ZRX15852,Normal
ZRX15855,Normal
ZRX15867,Normal
ZRX15869,Value Plus
ZRX15870,Super Value Plus
ZRX15873,Value Plus
ZRX15875,Super Value Plus
ZRX15876,Normal
ZRX15879,Value Plus
ZRX15880,Normal
ZRX15883,Normal
ZRX15891,Value Plus
ZRX15892,Value Plus
ZRX15897,Normal
ZRX15902,Value Plus
ZRX15903,Normal
ZRX15906,Normal
ZRX15907,Normal
ZRX15908,Value Plus
ZRX15916,Super Value Plus
ZRX15922,Super Value Plus
ZRX15936,Value Plus
ZRX15937,Normal
ZRX15938,Value Plus
ZRX15943,Normal
ZRX15945,Normal
ZRX15946,Normal
ZRX15947,Value Plus
ZRX15951,Super Value Plus
ZRX15957,Value Plus
ZRX15959,Standard
ZRX15962,Value Plus
ZRX15969,Normal
ZRX15971,Value
ZRX15972,Normal
ZRX15974,Super Value Plus
ZRX15978,Normal
ZRX15979,Super Value Plus
ZRX15980,Normal
ZRX15983,Normal
ZRX15984,Super Value Plus
ZRX15985,Super Value Plus
ZRX15990,Normal
ZRX15991,Super Value Plus
ZRX15998,Normal
ZRX15999,Normal
ZRX16007,Normal
ZRX16008,Standard
ZRX16022,Normal
ZRX16026,Value Plus
ZRX16034,Super Value Plus
ZRX16049,Super Value Plus
ZRX16050,Value Plus
ZRX16055,Super Value Plus
ZRX16060,Super Value Plus
ZRX16062,Value Plus
ZRX16067,Normal
ZRX16070,Normal
ZRX16072,Normal
ZRX16075,Value Plus
ZRX16077,Super Value Plus
ZRX16083,Super Value Plus
ZRX16086,Value Plus
ZRX16089,Value Plus
ZRX16091,Super Value Plus
ZRX16094,Standard
ZRX16098,Super Value Plus
ZRX16100,Value Plus
ZRX16114,Super Value Plus
ZRX16116,Normal
ZRX16121,Normal
ZRX16122,Normal
ZRX16123,Normal
ZRX16126,Value Plus
ZRX16127,Normal
ZRX16138,Normal
ZRX16141,Normal
ZRX16142,Standard
ZRX16144,Normal
ZRX16146,Normal
ZRX16147,Value Plus
ZRX16148,Super Value Plus
ZRX16149,Normal
ZRX16157,Normal
ZRX16161,Normal
ZRX16165,Normal
ZRX16168,Normal
ZRX16192,Normal
ZRX16197,Normal
ZRX16221,Normal
ZRX16228,Super Value Plus
ZRX16234,Normal
ZRX16241,Value Plus
ZRX16248,Normal
ZRX16258,Value
ZRX16260,Super Value Plus
ZRX16263,Super Value Plus
ZRX16264,Normal
ZRX16265,Value Plus
ZRX16271,Super Value Plus
ZRX16272,Normal
ZRX16275,Super Value Plus
ZRX16279,Normal
ZRX16287,Normal
ZRX16292,Value Plus
ZRX16293,Normal
ZRX16296,Super Value Plus
ZRX16302,Normal
ZRX16303,Value Plus
ZRX16304,Super Value Plus
ZRX16306,Normal
ZRX16313,Normal
ZRX16320,Value Plus
ZRX16322,Normal
ZRX16326,Normal
ZRX16328,Normal
ZRX16329,Normal
ZRX16330,Value Plus
ZRX16336,Super Value Plus
ZRX16337,Super Value Plus
ZRX16340,Normal
ZRX16341,Normal
ZRX16342,Normal
ZRX16346,Super Value Plus
ZRX16358,Normal
ZRX16359,Normal
ZRX16367,Normal
ZRX16368,Super Value Plus
ZRX16370,Value Plus
ZRX16372,Super Value Plus
ZRX16374,Value Plus
ZRX16379,Normal
ZRX16388,Normal
ZRX16390,Normal
ZRX16393,Normal
ZRX16400,Value Plus
ZRX16401,Normal
ZRX16403,Normal
ZRX16411,Normal
ZRX16418,Super Value Plus
ZRX16423,Normal
ZRX16425,Normal
ZRX16433,Normal
ZRX16434,Super Value Plus
ZRX16435,Super Value Plus
ZRX16437,Normal
ZRX16439,Normal
ZRX16443,Normal
ZRX16447,Super Value Plus
ZRX16448,Normal
ZRX16450,Super Value Plus
ZRX16451,Normal
ZRX16452,Normal
ZRX16453,Super Value Plus
ZRX16456,Normal
ZRX16464,Normal
ZRX16468,Normal
ZRX16470,Value Plus
ZRX16475,Normal
ZRX16478,Normal
ZRX16479,Normal
ZRX16480,Normal
ZRX16482,Normal
ZRX16483,Normal
ZRX16486,Normal
ZRX16489,Normal
ZRX16498,Value Plus
ZRX16499,Normal
ZRX16501,Normal
ZRX16511,Normal
ZRX16515,Normal
ZRX16518,Normal
ZRX16528,Normal
ZRX16529,Normal
ZRX16535,Value Plus
ZRX16536,Value
ZRX16537,Standard
ZRX16540,Normal
ZRX16541,Value
ZRX16544,Normal
ZRX16558,Normal
ZRX16561,Normal
ZRX16567,Value Plus
ZRX16568,Super Value Plus
ZRX16570,Normal
ZRX16575,Normal
ZRX16580,Normal
ZRX16581,Value Plus
ZRX16584,Normal
ZRX16587,Normal
ZRX16612,Normal
ZRX16619,Value Plus
ZRX16628,Super Value Plus
ZRX16635,Normal
ZRX16646,Normal
ZRX16648,Normal
ZRX16653,Standard
ZRX16654,Normal
ZRX16657,Normal
ZRX16663,Super Value Plus
ZRX16675,Normal
ZRX16678,Normal
ZRX16682,Super Value Plus
ZRX16685,Normal
ZRX16698,Normal
ZRX16699,Value Plus
ZRX16703,Normal
ZRX16705,Value Plus
ZRX16711,Normal
ZRX16719,Normal
ZRX16723,Normal
ZRX16724,Normal
ZRX16727,Super Value Plus
ZRX16728,Normal
ZRX16733,Normal
ZRX16734,Standard
ZRX16735,Value Plus
ZRX16736,Super Value Plus
ZRX16742,Value Plus
ZRX16746,Normal
ZRX16755,Normal
ZRX16757,Standard
ZRX16760,Super Value Plus
ZRX16761,Normal
ZRX16767,Value
ZRX16772,Standard
ZRX16786,Value Plus
ZRX16790,Standard
ZRX16792,Normal
ZRX16794,Value Plus
ZRX16796,Value Plus
ZRX16798,Normal
ZRX16810,Value Plus
ZRX16818,Value Plus
ZRX16822,Normal
ZRX16826,Normal
ZRX16833,Super Value Plus
ZRX16835,Value Plus
ZRX16838,Super Value Plus
ZRX16840,Normal
ZRX16843,Value Plus
ZRX16844,Super Value Plus
ZRX16846,Normal
ZRX16851,Normal
ZRX16855,Normal
ZRX16866,Normal
ZRX16867,Normal
ZRX16874,Normal
ZRX16875,Normal
ZRX16876,Super Value Plus
ZRX16879,Normal
ZRX16881,Normal
ZRX16884,Normal
ZRX16885,Normal
ZRX16891,Normal
ZRX16894,Normal
ZRX16902,Normal
ZRX16906,Normal
ZRX16908,Normal
ZRX16915,Normal
ZRX16916,Value Plus
ZRX16926,Normal
ZRX16929,Value Plus
ZRX16930,Value Plus
ZRX16963,Value
ZRX16966,Normal
ZRX16967,Normal
ZRX16968,Value Plus
ZRX16974,Standard
ZRX16976,Normal
ZRX16977,Super Value Plus
ZRX16980,Super Value Plus
ZRX16981,Standard
ZRX16985,Value Plus
ZRX16988,Normal
ZRX16989,Super Value Plus
ZRX16991,Value Plus
ZRX16995,Normal
ZRX16997,Value Plus
ZRX17013,Value Plus
ZRX17017,Normal
ZRX17028,Normal
ZRX17031,Value
ZRX17046,Normal
ZRX17050,Normal
ZRX17064,Value Plus
ZRX17065,Normal
ZRX17067,Normal
ZRX17071,Normal
ZRX17072,Normal
ZRX17073,Normal
ZRX17078,Value
ZRX17082,Value Plus
ZRX17089,Value Plus
ZRX17092,Normal
ZRX17103,Normal
ZRX17109,Normal
ZRX17110,Normal
ZRX17111,Value Plus
ZRX17112,Normal
ZRX17113,Normal
ZRX17117,Super Value Plus
ZRX17119,Value Plus
ZRX17120,Normal
ZRX17122,Super Value Plus
ZRX17124,Value Plus
ZRX17133,Normal
ZRX17134,Value Plus
ZRX17139,Normal
ZRX17140,Super Value Plus
ZRX17141,Super Value Plus
ZRX17149,Value
ZRX17151,Value Plus
ZRX17153,Super Value Plus
ZRX17154,Value
ZRX17155,Super Value Plus
ZRX17160,Normal
ZRX17163,Normal
ZRX17172,Normal
ZRX17174,Super Value Plus
ZRX17178,Value
ZRX17179,Normal
ZRX17181,Normal
ZRX17183,Value Plus
ZRX17192,Normal
ZRX17193,Normal
ZRX17195,Normal
ZRX17213,Normal
ZRX17222,Value Plus
ZRX17229,Standard
ZRX17231,Super Value Plus
ZRX17232,Normal
ZRX17235,Value Plus
ZRX17236,Standard
ZRX17242,Value Plus
ZRX17257,Normal
ZRX17258,Normal
ZRX17259,Value Plus
ZRX17260,Value Plus
ZRX17261,Standard
ZRX17265,Value Plus
ZRX17271,Super Value Plus
ZRX17280,Super Value Plus
ZRX17285,Standard
ZRX17288,Normal
ZRX17291,Normal
ZRX17295,Normal
ZRX17296,Normal
ZRX17297,Super Value Plus
ZRX17298,Super Value Plus
ZRX17299,Value
ZRX17300,Normal
ZRX17320,Value Plus
ZRX17321,Super Value Plus
ZRX17324,Value Plus
ZRX17325,Super Value Plus
ZRX17330,Normal
ZRX17341,Super Value Plus
ZRX17345,Normal
ZRX17346,Value Plus
ZRX17348,Normal
ZRX17349,Standard
ZRX17351,Normal
ZRX17353,Normal
ZRX17357,Normal
ZRX17360,Super Value Plus
ZRX17364,Value
ZRX17368,Super Value Plus
ZRX17375,Normal
ZRX17387,Super Value Plus
ZRX17388,Super Value Plus
ZRX17390,Normal
ZRX17398,Super Value Plus
ZRX17400,Value Plus
ZRX17401,Normal
ZRX17404,Super Value Plus
ZRX17410,Normal
ZRX17423,Normal
ZRX17429,Value
ZRX17438,Normal
ZRX17439,Normal
ZRX17441,Normal
ZRX17449,Normal
ZRX17454,Normal
ZRX17455,Normal
ZRX17466,Value Plus
ZRX17468,Normal
ZRX17470,Value Plus
ZRX17478,Normal
ZRX17479,Value
ZRX17480,Normal
ZRX17492,Standard
ZRX17496,Super Value Plus
ZRX17499,Normal
ZRX17506,Value Plus
ZRX17510,Normal
ZRX17516,Standard
ZRX17520,Value Plus
ZRX17523,Normal
ZRX17526,Super Value Plus
ZRX17536,Standard
ZRX17544,Normal
ZRX17545,Value Plus
ZRX17548,Normal
ZRX17549,Normal
ZRX17550,Normal
ZRX17551,Value Plus
ZRX17552,Super Value Plus
ZRX17553,Super Value Plus
ZRX17560,Super Value Plus
ZRX17562,Value Plus
ZRX17567,Normal
ZRX17583,Value Plus
ZRX17587,Normal
ZRX17597,Value
ZRX17600,Value Plus
ZRX17601,Value Plus
ZRX17602,Normal
ZRX17609,Normal
ZRX17610,Normal
ZRX17616,Value Plus
ZRX17621,Value Plus
ZRX17624,Super Value Plus
ZRX17629,Normal
ZRX17630,Value Plus
ZRX17633,Value Plus
ZRX17636,Super Value Plus
ZRX17637,Value
ZRX17665,Super Value Plus
ZRX17667,Super Value Plus
ZRX17668,Normal
ZRX17669,Normal
ZRX17672,Normal
ZRX17673,Normal
ZRX17675,Super Value Plus
ZRX17676,Normal
ZRX17689,Value Plus
ZRX17691,Value Plus
ZRX17693,Standard
ZRX17694,Super Value Plus
ZRX17704,Value
ZRX17705,Normal
ZRX17706,Normal
ZRX17718,Super Value Plus
ZRX17723,Normal
ZRX17724,Standard
ZRX17728,Normal
ZRX17730,Normal
ZRX17731,Normal
ZRX17734,Normal
ZRX17735,Normal
ZRX17737,Normal
ZRX17743,Value Plus
ZRX17744,Super Value Plus
ZRX17745,Normal
ZRX17748,Normal
ZRX17753,Normal
ZRX17755,Normal
ZRX17758,Super Value Plus
ZRX17764,Value Plus
ZRX17766,Normal
ZRX17774,Value Plus
ZRX17783,Normal
ZRX17785,Normal
ZRX17794,Super Value Plus
ZRX17796,Normal
ZRX17799,Value Plus
ZRX17805,Normal
ZRX17807,Normal
ZRX17808,Normal
ZRX17809,Value Plus
ZRX17813,Normal
ZRX17815,Super Value Plus
ZRX17816,Normal
ZRX17829,Normal
ZRX17833,Normal
ZRX17834,Value Plus
ZRX17839,Value Plus
ZRX17846,Value
ZRX17851,Normal
ZRX17852,Normal
ZRX17867,Normal
ZRX17870,Normal
ZRX17875,Normal
ZRX17876,Normal
ZRX17887,Normal
ZRX17889,Value Plus
ZRX17892,Standard
ZRX17899,Value Plus
ZRX17900,Standard
ZRX17904,Value Plus
ZRX17906,Normal
ZRX17907,Normal
ZRX17911,Value Plus
ZRX17915,Value Plus
ZRX17916,Value Plus
ZRX17922,Value Plus
ZRX17937,Value Plus
ZRX17940,Normal
ZRX17944,Normal
ZRX17951,Standard
ZRX17959,Value Plus
ZRX17961,Value Plus
ZRX17962,Value
ZRX17965,Value
ZRX17969,Value Plus
ZRX17970,Normal
ZRX17975,Value Plus
ZRX17982,Normal
ZRX17983,Normal
ZRX17985,Value Plus
ZRX17988,Super Value Plus
ZRX17994,Value Plus
ZRX17998,Value Plus
ZRX18006,Normal
ZRX18007,Value Plus
ZRX18009,Normal
ZRX18012,Standard
ZRX18015,Value Plus
ZRX18019,Normal
ZRX18023,Value Plus
ZRX18024,Value Plus
ZRX18027,Normal
ZRX18030,Value Plus
ZRX18032,Normal
ZRX18037,Normal
ZRX18042,Value
ZRX18056,Value Plus
ZRX18057,Value Plus
ZRX18066,Normal
ZRX18067,Value Plus
ZRX18069,Normal
ZRX18072,Value
ZRX18073,Normal
ZRX18079,Normal
ZRX18087,Value Plus
ZRX18089,Value Plus
ZRX18093,Value Plus
ZRX18097,Normal
ZRX18102,Value Plus
ZRX18107,Value Plus
ZRX18113,Value
ZRX18117,Super Value Plus
ZRX18122,Normal
ZRX18125,Super Value Plus
ZRX18127,Value Plus
ZRX18129,Normal
ZRX18131,Value Plus
ZRX18139,Value
ZRX18143,Normal
ZRX18144,Normal
ZRX18146,Normal
ZRX18162,Normal
ZRX18164,Standard
ZRX18166,Super Value Plus
ZRX18171,Normal
ZRX18177,Standard
ZRX18179,Super Value Plus
ZRX18180,Value Plus
ZRX18183,Super Value Plus
ZRX18184,Super Value Plus
ZRX18187,Normal
ZRX18188,Normal
ZRX18190,Normal
ZRX18191,Normal
ZRX18193,Value Plus
ZRX18197,Normal
ZRX18198,Super Value Plus
ZRX18203,Normal
ZRX18207,Value Plus
ZRX18208,Value Plus
ZRX18212,Normal
ZRX18215,Super Value Plus
ZRX18216,Value Plus
ZRX18219,Super Value Plus
ZRX18226,Normal
ZRX18228,Normal
ZRX18231,Normal
ZRX18232,Normal
ZRX18234,Value Plus
ZRX18235,Normal
ZRX18240,Value Plus
ZRX18246,Normal
ZRX18247,Normal
ZRX18253,Normal
ZRX18254,Normal
ZRX18259,Normal
ZRX18261,Super Value Plus
ZRX18266,Normal
ZRX18270,Value Plus
ZRX18274,Normal
ZRX18278,Normal
ZRX18285,Standard
ZRX18286,Value
ZRX18287,Value Plus
ZRX18289,Normal
ZRX18297,Normal
ZRX18302,Value Plus
ZRX18304,Normal
ZRX18309,Normal
ZRX18315,Value Plus
ZRX18319,Normal
ZRX18320,Value Plus
ZRX18321,Value Plus
ZRX18328,Normal
ZRX18330,Normal
ZRX18335,Value Plus
ZRX18341,Normal
ZRX18345,Value Plus
ZRX18347,Normal
ZRX18348,Normal
ZRX18349,Normal
ZRX18350,Value Plus
ZRX18352,Normal
ZRX18356,Value Plus
ZRX18358,Standard
ZRX18363,Super Value Plus
ZRX18366,Normal
ZRX18368,Normal
ZRX18370,Normal
ZRX18375,Normal
ZRX18380,Value Plus
ZRX18381,Normal
ZRX18394,Normal
ZRX18402,Normal
ZRX18417,Normal
ZRX18418,Normal
ZRX18426,Value
ZRX18427,Normal
ZRX18429,Normal
ZRX18442,Value Plus
ZRX18443,Normal
ZRX18444,Standard
ZRX18446,Value Plus
ZRX18449,Normal
ZRX18456,Normal
ZRX18458,Value Plus
ZRX18461,Normal
ZRX18466,Normal
ZRX18467,Value Plus
ZRX18476,Normal
ZRX18477,Normal
ZRX18478,Value Plus
ZRX18482,Super Value Plus
ZRX18483,Normal
ZRX18484,Normal
ZRX18487,Value Plus
ZRX18489,Normal
ZRX18499,Normal
ZRX18500,Normal
ZRX18502,Normal
ZRX18511,Normal
ZRX18528,Value
ZRX18529,Normal
ZRX18532,Value Plus
ZRX18536,Normal
ZRX18537,Super Value Plus
ZRX18540,Value Plus
ZRX18563,Normal
ZRX18572,Value Plus
ZRX18573,Normal
ZRX18574,Normal
ZRX18582,Super Value Plus
ZRX18583,Normal
ZRX18590,Normal
ZRX18591,Value
ZRX18592,Super Value Plus
ZRX18596,Normal
ZRX18600,Standard
ZRX18601,Normal
ZRX18602,Normal
ZRX18605,Normal
ZRX18606,Super Value Plus
ZRX18608,Value Plus
ZRX18610,Standard
ZRX18611,Super Value Plus
ZRX18614,Standard
ZRX18615,Super Value Plus
ZRX18616,Value Plus
ZRX18619,Normal
ZRX18620,Value Plus
ZRX18627,Value Plus
ZRX18628,Normal
ZRX18632,Value Plus
ZRX18636,Normal
ZRX18641,Normal
ZRX18643,Normal
ZRX18652,Super Value Plus
ZRX18655,Value Plus
ZRX18656,Normal
ZRX18663,Value Plus
ZRX18666,Super Value Plus
ZRX18680,Value Plus
ZRX18681,Value Plus
ZRX18686,Normal
ZRX18689,Normal
ZRX18693,Value Plus
ZRX18697,Value Plus
ZRX18702,Normal
ZRX18704,Value Plus
ZRX18719,Normal
ZRX18721,Normal
ZRX18722,Normal
ZRX18737,Super Value Plus
ZRX18738,Normal
ZRX18739,Standard
ZRX18744,Normal
ZRX18753,Value Plus
ZRX18755,Value Plus
ZRX18756,Super Value Plus
ZRX18758,Normal
ZRX18763,Value Plus
ZRX18765,Normal
ZRX18766,Normal
ZRX18767,Super Value Plus
ZRX18768,Normal
ZRX18771,Normal
ZRX18772,Super Value Plus
ZRX18781,Normal
ZRX18800,Normal
ZRX18801,Normal
ZRX18803,Normal
ZRX18816,Normal
ZRX18818,Normal
ZRX18819,Standard
ZRX18820,Normal
ZRX18821,Normal
ZRX18827,Value Plus
ZRX18830,Value Plus
ZRX18836,Normal
ZRX18841,Super Value Plus
ZRX18842,Value Plus
ZRX18843,Normal
ZRX18844,Normal
ZRX18846,Normal
ZRX18853,Value Plus
ZRX18855,Normal
ZRX18859,Normal
ZRX18864,Normal
ZRX18875,Normal
ZRX18876,Normal
ZRX18881,Standard
ZRX18882,Normal
ZRX18894,Value Plus
ZRX18895,Standard
ZRX18898,Value Plus
ZRX18906,Super Value Plus
ZRX18907,Normal
ZRX18909,Normal
ZRX18916,Super Value Plus
ZRX18917,Value Plus
ZRX18918,Normal
ZRX18928,Value Plus
ZRX18935,Normal
ZRX18942,Standard
ZRX18944,Value
ZRX18947,Value
ZRX18948,Normal
ZRX18950,Normal
ZRX18954,Super Value Plus
ZRX18962,Normal
ZRX18969,Value Plus
ZRX18970,Normal
ZRX18973,Value Plus
ZRX18976,Value Plus
ZRX18998,Normal
ZRX19002,Normal
ZRX19006,Normal
ZRX19018,Normal
ZRX19020,Super Value Plus
ZRX19021,Value
ZRX19022,Value Plus
ZRX19027,Normal
ZRX19032,Value Plus
ZRX19033,Normal
ZRX19034,Normal
ZRX19035,Normal
ZRX19036,Value Plus
ZRX19037,Value Plus
ZRX19039,Normal
ZRX19040,Normal
ZRX19041,Standard
ZRX19046,Super Value Plus
ZRX19047,Normal
ZRX19048,Normal
ZRX19054,Value Plus
ZRX19058,Standard
ZRX19061,Value Plus
ZRX19069,Super Value Plus
ZRX19079,Normal
ZRX19082,Normal
ZRX19092,Value Plus
ZRX19104,Super Value Plus
ZRX19105,Normal
ZRX19108,Super Value Plus
ZRX19109,Normal
ZRX19111,Normal
ZRX19114,Normal
ZRX19117,Super Value Plus
ZRX19123,Super Value Plus
ZRX19125,Super Value Plus
ZRX19128,Normal
ZRX19130,Normal
ZRX19136,Normal
ZRX19139,Value Plus
ZRX19141,Value Plus
ZRX19143,Standard
ZRX19144,Normal
ZRX19145,Normal
ZRX19160,Super Value Plus
ZRX19163,Normal
ZRX19167,Value Plus
ZRX19170,Normal
ZRX19175,Value Plus
ZRX19177,Normal
ZRX19190,Normal
ZRX19195,Super Value Plus
ZRX19198,Normal
ZRX19200,Normal
ZRX19202,Normal
ZRX19203,Normal
ZRX19213,Value Plus
ZRX19216,Normal
ZRX19222,Normal
ZRX19233,Normal
ZRX19241,Normal
ZRX19242,Super Value Plus
ZRX19245,Normal
ZRX19256,Normal
ZRX19258,Normal
ZRX19259,Normal
ZRX19260,Normal
ZRX19261,Standard
ZRX19266,Normal
ZRX19272,Normal
ZRX19277,Value Plus
ZRX19284,Standard
ZRX19286,Value Plus
ZRX19287,Normal
ZRX19289,Standard
ZRX19293,Value Plus
ZRX19294,Normal
ZRX19298,Normal
ZRX19304,Value Plus
ZRX19307,Normal
ZRX19313,Normal
ZRX19317,Value Plus
ZRX19318,Super Value Plus
ZRX19319,Normal
ZRX19320,Normal
ZRX19321,Normal
ZRX19327,Value
ZRX19328,Value Plus
ZRX19330,Super Value Plus
ZRX19336,Normal
ZRX19338,Value Plus
ZRX19339,Value Plus
ZRX19345,Value Plus
ZRX19346,Value
ZRX19347,Value Plus
ZRX19348,Normal
ZRX19349,Super Value Plus
ZRX19350,Super Value Plus
ZRX19352,Value Plus
ZRX19355,Value Plus
ZRX19356,Normal
ZRX19358,Value Plus
ZRX19360,Super Value Plus
ZRX19371,Value Plus
ZRX19373,Normal
ZRX19375,Super Value Plus
ZRX19376,Normal
ZRX19383,Super Value Plus
ZRX19389,Value Plus
ZRX19391,Normal
ZRX19393,Normal
ZRX19395,Standard
ZRX19397,Standard
ZRX19400,Standard
ZRX19401,Normal
ZRX19404,Normal
ZRX19407,Normal
ZRX19413,Normal
ZRX19423,Normal
ZRX19433,Normal
ZRX19434,Normal
ZRX19436,Super Value Plus
ZRX19438,Super Value Plus
ZRX19439,Normal
ZRX19441,Super Value Plus
ZRX19445,Normal
ZRX19446,Normal
ZRX19449,Normal
ZRX19450,Normal
ZRX19455,Value Plus
ZRX19462,Value
ZRX19463,Super Value Plus
ZRX19468,Super Value Plus
ZRX19473,Normal
ZRX19478,Normal
ZRX19479,Normal
ZRX19480,Standard
ZRX19485,Super Value Plus
ZRX19486,Value Plus
ZRX19487,Normal
ZRX19494,Value
ZRX19499,Normal
ZRX19505,Value Plus
ZRX19506,Value Plus
ZRX19507,Standard
ZRX19519,Normal
ZRX19526,Normal
ZRX19530,Value Plus
ZRX19535,Standard
ZRX19537,Normal
ZRX19539,Value Plus
ZRX19543,Value Plus
ZRX19544,Value Plus
ZRX19545,Normal
ZRX19546,Normal
ZRX19549,Standard
ZRX19551,Value Plus
ZRX19560,Normal
ZRX19561,Value Plus
ZRX19564,Value Plus
ZRX19565,Normal
ZRX19566,Value Plus
ZRX19567,Value Plus
ZRX19570,Normal
ZRX19571,Normal
ZRX19575,Value Plus
ZRX19578,Standard
ZRX19580,Normal
ZRX19581,Normal
ZRX19588,Value Plus
ZRX19589,Normal
ZRX19604,Value Plus
ZRX19605,Value Plus
ZRX19606,Normal
ZRX19607,Value Plus
ZRX19608,Normal
ZRX19613,Value Plus
ZRX19621,Normal
ZRX19625,Normal
ZRX19628,Value Plus
ZRX19629,Value Plus
ZRX19631,Normal
ZRX19638,Normal
ZRX19640,Super Value Plus
ZRX19643,Super Value Plus
ZRX19650,Super Value Plus
ZRX19653,Normal
ZRX19656,Value
ZRX19672,Normal
ZRX19674,Value Plus
ZRX19678,Normal
ZRX19679,Normal
ZRX19682,Normal
ZRX19683,Normal
ZRX19684,Value
ZRX19697,Normal
ZRX19708,Value Plus
ZRX19709,Standard
ZRX19715,Normal
ZRX19718,Normal
ZRX19724,Value Plus
ZRX19725,Normal
ZRX19730,Normal
ZRX19734,Normal
ZRX19737,Normal
ZRX19738,Normal
ZRX19739,Normal
ZRX19740,Value Plus
ZRX19743,Normal
ZRX19746,Super Value Plus
ZRX19757,Super Value Plus
ZRX19759,Normal
ZRX19763,Value Plus
ZRX19764,Value Plus
ZRX19765,Super Value Plus
ZRX19769,Normal
ZRX19772,Normal
ZRX19776,Value Plus
ZRX19780,Normal
ZRX19784,Standard
ZRX19787,Normal
ZRX19789,Normal
ZRX19800,Normal
ZRX19801,Normal
ZRX19802,Value Plus
ZRX19819,Value Plus
ZRX19820,Normal
ZRX19823,Value Plus
ZRX19824,Normal
ZRX19828,Value Plus
ZRX19829,Normal
ZRX19832,Super Value Plus
ZRX19837,Normal
ZRX19838,Super Value Plus
ZRX19841,Value Plus
ZRX19843,Value Plus
ZRX19857,Value Plus
ZRX19859,Super Value Plus
ZRX19864,Normal
ZRX19865,Normal
ZRX19870,Normal
ZRX19871,Value Plus
ZRX19874,Normal
ZRX19877,Normal
ZRX19882,Value Plus
ZRX19885,Normal
ZRX19888,Normal
ZRX19898,Super Value Plus
ZRX19902,Normal
ZRX19903,Normal
ZRX19909,Normal
ZRX19919,Normal
ZRX19921,Value Plus
ZRX19922,Normal
ZRX19925,Standard
ZRX19933,Normal
ZRX19935,Value Plus
ZRX19937,Value
ZRX19940,Value Plus
ZRX19946,Value Plus
ZRX19948,Value Plus
ZRX19950,Value
ZRX19953,Normal
ZRX19965,Value Plus
ZRX19972,Normal
ZRX19976,Super Value Plus
ZRX19977,Normal
ZRX19979,Value Plus
ZRX19980,Super Value Plus
ZRX19986,Normal
ZRX19988,Normal
